wage,abil,educ,exper,region,region18,motheduc,fatheduc,brkhme14,sibs,urban,urban18
12.01923,5.027738,15,9,west,northeast,12,12,0,1,1,1
8.912656,2.03717,13,8,northeast,northeast,12,10,1,4,1,1
15.51433,2.475895,15,11,northeast,northeast,12,16,0,2,1,1
13.33333,3.60924,15,6,northeast,northeast,12,12,0,1,1,1
11.07011,2.636546,13,15,northeast,northeast,12,15,1,2,1,1
17.48252,3.474334,18,8,northeast,northeast,12,12,0,2,1,1
21.09705,-1.764808,13,13,northeast,northeast,13,12,0,5,1,1
11.6671,-0.1335983,12,14,south,northeast,12,12,1,4,0,1
16.96113,2.072431,13,9,northeast,northeast,10,12,1,3,1,1
11.53846,-0.3384597,12,9,northeast,northeast,14,12,0,1,1,1
14.81481,1.38071,12,13,northeast,northeast,9,10,1,2,1,1
20.69917,3.412799,12,14,northeast,northeast,12,16,0,1,0,1
28.68369,4.365496,17,4,west,northeast,17,16,0,1,1,1
12.5,1.090446,13,8,northeast,northeast,16,16,0,3,1,1
35.87115,5.082784,17,7,northeast,northeast,16,18,0,2,1,1
23.40322,2.129054,16,10,northeast,northeast,5,4,0,2,1,1
16.64145,3.469769,16,10,northeast,northeast,10,6,0,1,1,1
16.0451,4.268983,15,9,northeast,northeast,12,9,0,1,1,1
12.01923,2.417693,15,8,northeast,northeast,11,9,0,2,1,1
8.534851,3.125001,20,6,northeast,west,11,8,0,2,1,1
16.15385,4.236644,14,11,northeast,northeast,10,12,0,2,0,1
14.4609,5.316357,15,8,northeast,northeast,16,12,0,2,1,1
19.77612,2.63304,13,13,northeast,northeast,14,15,0,7,1,1
13.99491,3.046665,16,8,northeast,west,13,14,0,3,1,1
17.92453,2.57083,11,12,northeast,northeast,9,12,0,5,1,1
11.05769,1.112235,12,8,northeast,northeast,9,12,0,5,1,1
7.960199,1.088529,11,11,northeast,northeast,12,12,0,3,1,1
12.73585,3.54264,12,10,northeast,northeast,12,12,1,2,1,1
12.23092,-0.0316967,12,13,northeast,northeast,12,14,1,0,1,1
19.74026,1.890898,9,12,northeast,northeast,12,12,0,3,1,1
23.68421,4.802668,16,7,north_central,northeast,16,17,0,2,1,1
17.82178,3.646205,14,8,northeast,northeast,16,18,0,2,1,1
11.34454,3.609689,13,10,northeast,northeast,10,12,0,3,0,1
13.1291,3.786006,15,8,west,west,13,12,0,0,1,1
15.69966,1.759616,11,13,south,northeast,12,12,0,2,1,1
7.591093,2.10501,12,8,northeast,northeast,12,12,0,3,1,1
11.38747,1.548639,14,6,northeast,northeast,12,12,0,2,1,1
14.95163,2.905734,18,3,northeast,northeast,16,17,0,2,1,1
22.43437,2.492563,16,11,northeast,northeast,12,12,0,1,1,1
15.57789,2.936283,14,6,northeast,northeast,12,12,0,1,1,1
24.80916,4.194712,17,8,west,northeast,10,16,0,1,1,1
13.12649,5.898935,17,3,northeast,northeast,20,16,0,1,1,1
13.91304,2.87161,16,5,northeast,northeast,16,17,0,1,1,1
12.0,-0.7882329,12,14,northeast,northeast,12,12,0,2,1,1
60.89457,3.286462,15,12,northeast,northeast,13,20,0,1,1,1
12.8626,3.255798,14,10,west,northeast,16,16,0,1,1,0
10.52632,-1.925979,8,14,northeast,northeast,9,10,1,2,1,1
12.84797,2.321783,15,7,northeast,northeast,12,12,0,2,1,1
16.96676,2.813435,12,12,northeast,northeast,12,16,0,3,1,1
15.02732,4.559115,15,7,northeast,northeast,12,16,0,3,1,1
67.07992,2.757675,15,12,northeast,northeast,12,12,0,2,1,1
8.4134620000000009,0.7897384,15,5,northeast,northeast,12,8,0,2,1,1
4.864636,2.151329,13,10,northeast,northeast,10,14,0,3,0,1
5.764967,0.5502259,12,8,northeast,northeast,10,15,0,3,1,1
4.637437,-0.3780224,10,13,northeast,northeast,9,9,0,7,1,1
18.26923,3.52669,14,7,northeast,northeast,12,12,0,3,0,1
11.48148,2.178751,12,14,northeast,northeast,12,12,0,3,1,0
16.0,4.1021,16,5,south,northeast,12,12,0,3,1,1
11.07438,2.354122,19,7,south,northeast,13,8,1,4,1,1
6.134969,-1.869518,8,15,northeast,northeast,16,8,1,4,1,1
7.698888,-0.7081801,11,9,northeast,northeast,8,12,1,2,1,1
9.163803,2.466771,12,14,northeast,northeast,12,12,0,2,1,1
16.34615,5.17607,14,10,northeast,northeast,12,18,0,3,1,1
10.17699,4.189257,16,6,northeast,northeast,12,8,0,3,1,1
12.32394,1.497999,12,11,northeast,northeast,12,12,0,4,1,1
27.45098,3.038453,15,10,northeast,northeast,12,18,0,0,1,1
14.42308,2.498198,13,12,south,northeast,12,12,1,6,1,1
4.807693,0.5738209,12,13,northeast,northeast,16,13,0,2,1,1
14.95726,2.009659,12,10,south,northeast,12,14,0,1,1,1
17.79514,3.386478,18,5,northeast,northeast,13,13,0,3,1,1
18.69159,0.4010777,12,14,northeast,northeast,12,12,0,5,1,1
14.42308,-1.118699,12,12,northeast,northeast,12,8,0,4,1,1
9.615385,1.047658,11,10,northeast,northeast,11,10,0,3,1,1
9.134615,-0.9839756,11,10,northeast,northeast,12,12,0,2,1,1
8.576923,3.94461,15,10,northeast,northeast,12,18,0,2,0,1
7.804878,-1.039919,12,9,northeast,northeast,12,12,0,2,1,1
21.22642,2.825982,12,13,northeast,northeast,12,10,0,1,1,1
19.71154,5.719028,15,7,northeast,northeast,12,16,0,3,1,1
13.97098,1.355053,15,8,west,northeast,12,8,0,2,1,1
54.60994,1.037915,12,15,northeast,northeast,12,12,0,4,1,1
13.18102,1.243352,15,7,northeast,northeast,12,12,0,4,1,1
8.774495,2.370963,12,8,northeast,northeast,12,12,1,4,1,1
15.86539,1.781278,11,11,northeast,northeast,12,12,0,3,1,1
52.1327,0.5180065,15,12,northeast,northeast,12,13,0,3,1,1
23.09278,2.95704,15,12,northeast,northeast,12,12,0,3,1,1
5.812937,-2.741133,12,15,northeast,northeast,12,13,0,3,0,1
12.5182,3.80187,15,10,northeast,northeast,14,14,0,8,1,1
14.73297,2.316601,14,7,northeast,northeast,14,14,0,8,1,1
5.249344,-2.226822,11,13,northeast,northeast,4,4,0,2,1,1
16.72241,4.517169,12,13,northeast,northeast,11,12,0,3,1,1
12.9056,3.937986,12,10,northeast,northeast,11,12,0,3,1,1
9.202424,-3.78465,7,21,northeast,northeast,12,10,0,9,1,1
15.10791,4.534225,12,12,northeast,northeast,12,12,0,5,1,1
22.33624,3.591137,16,11,south,northeast,16,16,0,6,1,1
13.46154,2.896326,12,12,northeast,northeast,12,12,1,5,0,0
15.30398,-0.0330118,12,13,northeast,northeast,14,11,0,7,0,1
13.61796,2.007605,12,12,northeast,northeast,12,16,0,1,1,1
18.32994,3.928478,19,8,west,north_central,16,20,0,2,1,1
12.31127,5.000688,19,7,northeast,northeast,16,20,0,2,1,1
7.075472,-4.118465,12,14,northeast,northeast,12,12,0,2,1,1
4.573171,-3.489256,12,12,northeast,northeast,12,11,0,2,1,1
13.44086,2.415614,12,9,northeast,northeast,8,8,0,4,1,1
11.08825,-0.2220366,12,11,northeast,northeast,7,12,1,5,1,1
13.54167,1.93424,12,11,northeast,northeast,12,12,0,0,1,1
13.0597,-2.272709,12,9,northeast,northeast,12,9,0,1,1,1
8.653846,4.498102,14,9,northeast,northeast,16,14,0,1,1,1
9.620523,4.142873,15,5,northeast,northeast,14,16,0,1,1,1
7.692307,-3.452876,12,9,northeast,northeast,12,12,1,3,1,1
10.83916,0.3536051,12,8,northeast,northeast,12,12,0,4,1,1
22.72727,1.44702,16,10,northeast,northeast,12,14,0,2,1,1
14.74654,2.829643,15,10,northeast,northeast,15,14,0,2,1,1
17.78846,4.421232,15,8,northeast,northeast,12,18,0,2,1,1
4.977731,2.313246,12,13,northeast,northeast,12,12,0,1,1,1
12.59842,3.349177,13,12,northeast,northeast,12,12,0,3,1,1
13.67521,4.052535,15,11,northeast,northeast,12,12,0,3,1,1
2.625,-2.551893,10,13,north_central,north_central,8,6,1,4,1,1
7.620367,2.637522,12,9,north_central,north_central,12,12,0,1,1,1
15.38461,1.690285,17,10,north_central,north_central,12,12,0,2,1,1
44.3459,3.875353,18,9,south,north_central,16,16,0,2,1,1
14.08451,3.43554,17,8,north_central,north_central,16,16,0,2,1,1
11.05769,1.31293,12,16,north_central,north_central,12,10,0,4,1,1
6.990291,-1.255583,11,12,north_central,north_central,12,10,0,4,1,1
17.12329,1.239603,12,9,west,north_central,12,14,0,2,1,1
15.65295,2.125832,14,10,north_central,north_central,12,18,0,3,1,1
14.56311,2.655087,12,8,north_central,north_central,12,12,0,3,1,1
17.31419,3.74451,12,12,north_central,north_central,16,12,0,3,1,1
8.950086,-0.5281879,12,13,north_central,north_central,12,12,0,3,1,1
24.39818,-1.055467,12,13,north_central,north_central,11,11,0,2,1,1
1.829268,1.057115,9,11,north_central,north_central,9,10,0,4,1,1
4.807693,-3.182608,10,11,north_central,north_central,8,7,0,9,1,1
7.211538,-0.8227264,10,12,south,north_central,8,8,1,3,1,1
9.384164,-1.181245,12,13,north_central,north_central,12,12,0,1,1,1
10.88534,-0.5111351,11,16,north_central,north_central,9,16,0,5,1,1
8.0,1.569533,12,11,north_central,north_central,12,16,0,3,1,1
10.24025,4.430475,16,7,north_central,north_central,12,16,0,7,1,1
27.40385,3.249971,15,12,north_central,north_central,12,12,0,3,1,1
19.11111,4.574099,16,8,north_central,north_central,12,16,0,4,1,1
4.40367,1.235797,12,13,west,north_central,12,18,0,2,1,1
9.052925,1.614712,17,6,west,south,12,13,0,1,1,1
8.984375,-0.8257855,13,13,north_central,north_central,12,12,0,5,1,1
17.0068,0.5795907,12,12,north_central,north_central,12,12,0,5,1,1
3.755868,3.77603,12,12,north_central,north_central,12,12,0,4,1,1
5.691057,5.994742,12,8,north_central,north_central,12,12,0,4,1,1
9.275619,2.317609,12,8,north_central,north_central,12,16,1,3,1,1
11.53846,1.43026,17,7,north_central,north_central,14,16,0,1,1,1
12.98077,3.877995,18,10,west,north_central,12,16,0,4,1,1
15.29412,3.973776,12,14,north_central,north_central,12,12,1,1,1,1
9.523809,3.060999,12,15,north_central,north_central,12,15,1,1,1,1
7.936508,-1.729659,13,13,south,north_central,6,12,1,7,1,1
10.29412,1.931529,15,8,north_central,north_central,16,16,0,3,1,1
15.69678,2.390199,12,10,north_central,north_central,11,12,0,5,1,1
35.29412,2.914598,12,8,north_central,north_central,11,14,0,5,1,1
11.53846,-1.049858,12,9,north_central,north_central,16,16,0,7,1,1
11.25,0.5987233,12,10,north_central,north_central,16,12,1,1,1,1
9.072165,-3.464847,12,10,north_central,north_central,9,9,0,3,1,1
17.22533,-1.77537,8,15,north_central,north_central,10,10,1,2,1,1
7.336757,-1.998131,8,13,north_central,north_central,10,10,1,2,1,1
12.01923,-1.94826,10,13,north_central,north_central,13,14,0,2,1,1
5.608974,3.427082,20,6,west,north_central,12,14,0,2,1,1
23.11896,4.189647,15,8,west,north_central,12,14,0,2,1,1
14.50314,2.595268,12,12,north_central,north_central,12,18,0,1,1,1
21.75732,3.923822,16,12,north_central,north_central,17,17,0,2,1,1
14.58333,4.428095,17,8,north_central,north_central,16,13,1,0,1,1
15.38461,0.8088208,12,14,north_central,north_central,12,16,0,5,1,1
12.06226,2.939292,16,6,north_central,north_central,12,16,0,1,1,1
9.082338,4.112227,13,8,north_central,north_central,12,10,0,2,1,1
8.4134620000000009,3.436007,12,12,north_central,north_central,11,8,0,4,1,1
23.77404,-0.7396109,12,13,north_central,north_central,12,12,0,2,1,1
1.25,0.5651463,12,10,north_central,north_central,12,12,0,2,1,1
17.55196,3.374138,16,5,north_central,north_central,12,12,0,2,1,1
8.888889,3.499125,12,12,north_central,north_central,10,14,0,2,1,1
14.42308,-1.772101,12,16,north_central,north_central,3,12,0,5,1,1
3.77907,-2.458735,9,15,north_central,north_central,12,12,0,2,1,1
2.112676,0.2633751,8,16,north_central,north_central,12,12,0,2,1,1
13.88889,0.936336,13,10,north_central,north_central,11,10,0,0,0,1
7.459208,0.3580149,10,14,north_central,north_central,9,9,1,4,1,1
7.114625,2.033818,15,11,north_central,north_central,9,6,1,4,1,1
7.075472,0.3190073,12,11,south,north_central,8,8,1,4,0,1
5.15873,-0.4493136,11,9,north_central,north_central,12,9,0,2,1,1
5.294117,0.2114716,10,16,north_central,north_central,12,10,0,3,1,0
13.99632,2.272925,12,13,north_central,north_central,12,12,0,2,1,0
8.302583,-2.767139,12,14,south,north_central,8,6,0,5,1,1
9.437387,0.5715318,11,15,north_central,north_central,11,12,1,6,0,1
35.42435,2.342438,12,14,west,north_central,12,12,0,2,1,0
15.86539,2.584257,14,10,north_central,north_central,12,12,0,3,0,1
15.95139,1.659991,12,15,north_central,north_central,12,12,0,3,0,0
20.30457,1.950166,12,13,north_central,north_central,12,12,0,3,0,1
7.407407,0.5693632,11,9,north_central,north_central,12,8,1,6,1,1
20.33898,-1.310713,12,11,north_central,north_central,13,14,0,3,0,1
21.2674,0.035848,15,6,south,north_central,13,14,0,3,1,1
9.134615,-2.309443,9,13,north_central,north_central,12,12,0,3,1,1
9.748427,0.8516435,12,12,north_central,north_central,12,12,0,1,1,1
10.1922,1.482138,12,13,north_central,north_central,12,14,0,1,1,1
4.895561,0.9411445,14,10,north_central,north_central,10,12,0,4,1,1
15.20913,5.275455,15,8,north_central,north_central,12,13,0,2,1,1
12.47578,3.971043,15,7,north_central,north_central,12,13,0,2,1,1
10.20036,3.934991,15,5,north_central,north_central,12,13,0,2,1,1
13.85261,3.084692,12,9,north_central,north_central,12,11,0,2,1,1
18.02198,4.32687,15,9,north_central,north_central,11,12,0,2,1,0
9.32971,1.449399,12,9,south,north_central,12,12,0,4,1,1
9.448819,-1.171313,12,11,south,north_central,11,6,0,5,0,1
10.76923,-1.505991,12,11,north_central,north_central,12,12,0,3,1,1
22.1219,3.72859,15,7,north_central,north_central,12,12,0,3,1,1
23.07692,4.042687,18,9,north_central,north_central,12,12,0,4,1,1
6.837607,3.575964,20,5,north_central,north_central,12,13,0,1,1,1
9.134615,2.135956,12,13,north_central,north_central,16,17,0,1,1,1
16.32302,3.032691,15,5,north_central,north_central,12,14,0,0,1,1
38.7538,-1.300904,12,15,north_central,north_central,12,12,0,1,1,1
6.65236,-0.2990798,14,9,north_central,north_central,12,12,0,1,1,1
7.075472,-1.031897,12,11,north_central,north_central,12,16,0,1,1,1
6.401138,0.3060747,15,10,northeast,north_central,16,16,0,2,0,1
26.92308,3.353253,16,9,north_central,north_central,12,16,0,1,1,1
4.177546,0.2390968,12,9,north_central,north_central,13,11,0,3,1,1
8.109262,1.846734,12,11,north_central,north_central,12,11,0,4,1,1
15.1671,1.859035,12,13,north_central,north_central,13,12,1,1,1,1
8.552631,3.010865,12,11,north_central,north_central,11,12,1,4,1,1
8.604206,0.7821424,12,13,north_central,north_central,14,16,0,3,1,1
12.90123,0.9117463,17,5,north_central,north_central,12,16,0,3,1,1
12.11539,2.177209,12,13,north_central,north_central,12,16,0,1,1,1
8.29646,2.2297,9,11,northeast,north_central,12,13,0,5,1,1
16.21074,4.47736,15,9,north_central,north_central,16,17,0,4,0,1
11.48754,4.073317,17,6,north_central,north_central,16,17,0,4,1,1
13.33333,3.678176,15,9,north_central,north_central,16,16,0,6,1,1
10.09615,2.724484,15,7,north_central,north_central,16,16,0,6,1,1
11.20448,-0.4576917,12,14,north_central,north_central,14,14,1,3,1,0
19.33665,4.435529,17,9,north_central,north_central,12,14,0,4,0,1
13.75546,2.07471,12,12,north_central,north_central,12,14,0,4,1,1
4.193671,2.21738,15,12,north_central,north_central,11,10,0,7,1,0
10.2529,2.879605,15,7,north_central,north_central,13,16,0,1,1,1
7.118928,3.120147,15,8,north_central,north_central,12,12,0,4,1,1
9.23913,0.1793581,12,13,north_central,north_central,12,12,0,3,1,1
17.17742,4.018058,15,7,north_central,north_central,12,12,0,3,1,1
7.862903,-0.9145982,12,8,north_central,north_central,12,12,0,3,1,1
20.19231,1.764937,12,12,north_central,north_central,10,11,0,6,1,1
17.3449,4.0001,15,8,north_central,north_central,12,13,0,2,1,1
24.1652,3.791395,15,12,north_central,north_central,12,14,0,2,1,1
8.620689,4.241092,14,8,north_central,north_central,12,12,0,6,1,1
24.24242,0.7735314,13,13,north_central,north_central,12,12,0,3,1,1
20.76125,4.738628,17,8,north_central,north_central,12,12,0,0,1,1
10.07092,1.466474,16,10,north_central,north_central,12,12,0,1,1,1
7.0609,3.740263,15,7,north_central,north_central,12,12,0,1,0,1
15.66069,0.8805779,12,9,north_central,north_central,12,12,0,3,1,1
16.34615,2.624413,12,14,north_central,north_central,12,12,0,2,1,0
7.692307,1.994858,12,9,north_central,north_central,12,12,0,2,1,1
11.15385,-0.4259872,12,11,north_central,north_central,12,12,0,6,0,1
42.33302,4.099738,14,11,north_central,north_central,15,16,0,3,1,1
23.32362,4.675533,15,9,south,north_central,15,16,0,3,1,1
22.74837,4.703392,15,7,north_central,north_central,15,16,0,3,1,1
12.7193,2.148189,12,13,north_central,north_central,12,12,0,4,0,0
11.17021,3.853446,12,10,north_central,north_central,12,12,0,2,1,1
9.134615,4.424689,12,9,north_central,north_central,11,12,0,3,1,1
20.08928,-0.467596,15,11,north_central,north_central,12,20,0,7,1,1
13.47305,3.510706,15,10,north_central,north_central,12,16,0,3,1,1
4.398827,0.9693246,12,12,north_central,north_central,12,15,0,2,1,1
9.134615,1.577513,12,8,north_central,north_central,12,12,0,1,1,1
30.09259,1.256415,12,15,north_central,north_central,12,11,0,2,1,1
18.21946,3.917685,15,5,north_central,north_central,10,12,0,2,1,1
13.46154,1.121008,12,10,north_central,north_central,12,12,0,0,0,1
6.153846,-2.533699,12,10,north_central,north_central,8,8,0,3,0,1
6.25,4.551509,14,6,north_central,north_central,9,8,0,3,1,1
15.40719,3.1712920000000002,15,11,north_central,north_central,16,16,0,2,0,1
12.63264,-3.866938,8,13,north_central,north_central,12,16,1,6,1,1
5.288462,-2.159902,12,8,north_central,north_central,12,9,0,2,1,1
12.87726,4.364584,16,7,north_central,north_central,8,12,0,2,1,1
28.74252,4.295691,17,5,west,north_central,12,12,0,3,1,1
12.69451,2.846088,15,6,north_central,north_central,12,12,0,3,1,1
10.3321,3.673685,16,9,north_central,north_central,12,16,1,1,1,1
6.428571,0.6503411,12,13,north_central,north_central,10,14,0,6,0,1
18.26923,3.994273,12,14,north_central,north_central,12,12,1,3,1,1
13.94231,2.687243,12,15,north_central,north_central,12,12,0,7,1,1
11.54734,2.68583,13,10,south,south,16,16,0,3,1,1
12.03883,2.345575,12,12,south,south,8,12,0,1,1,0
9.134615,0.6248525,10,17,south,south,8,5,0,8,0,0
12.20044,0.7989707,12,14,northeast,south,12,9,0,2,1,0
7.287449,-2.102885,11,16,south,south,12,7,0,1,0,0
8.053691,2.257082,14,13,south,south,16,16,0,4,1,1
8.236101,1.646493,13,11,south,south,16,16,0,4,1,1
79.43263,2.018142,15,12,south,south,14,16,0,1,1,1
15.625,1.291923,12,16,south,south,12,16,0,0,0,1
8.653846,2.278732,10,11,south,south,13,12,0,3,1,1
11.01322,-2.96027,15,8,south,south,12,18,1,3,1,1
30.30303,0.8603345,12,10,south,south,12,14,0,3,1,1
16.47834,4.484144,15,10,south,south,14,11,0,2,1,1
9.488449,1.79256,15,5,south,south,12,18,0,2,1,1
14.90385,-0.5578937,13,13,south,south,14,9,0,2,1,1
5.731754,4.2078,15,7,south,south,12,12,0,2,1,1
4.326923,-3.920536,8,14,south,south,10,12,1,5,1,1
19.23077,-1.107142,12,11,west,west,12,13,0,4,1,1
8.264462,1.769558,11,15,south,south,11,11,0,3,0,1
8.173077,-1.345357,13,9,south,south,13,12,1,2,1,1
1.592357,0.0075692,9,11,south,south,12,12,0,1,1,1
16.05351,-2.14116,9,16,south,south,12,12,1,2,1,1
8.064516,0.3694806,12,12,south,south,12,12,0,5,1,1
9.153318,0.8715566,11,13,south,south,12,12,0,2,1,1
11.07011,1.612364,13,10,south,south,12,12,1,4,1,1
12.53602,1.003614,15,12,south,south,11,11,1,4,1,0
11.96302,2.439168,15,5,south,south,14,17,0,1,1,1
6.802721,-0.8088505,8,19,south,south,6,3,0,1,0,0
15.38461,3.693538,13,14,south,south,11,11,0,2,0,0
9.057971,1.306094,12,12,south,south,8,14,0,5,1,1
28.0112,3.37078,15,11,west,south,12,8,0,3,1,0
3.586207,-4.91838,12,13,south,south,8,0,0,0,0,1
7.011866,-3.021013,8,19,south,north_central,6,9,1,2,0,1
1.824818,-0.9796699,11,16,south,south,11,4,0,2,0,0
5.7692310000000004,-3.23546,9,16,south,south,9,3,0,4,0,1
14.38202,1.627817,12,14,south,south,10,12,0,3,1,1
11.00917,-1.185808,12,10,south,south,11,12,0,3,1,1
4.601933,-0.3699424,12,9,south,south,11,12,0,2,1,1
8.990385,1.433774,12,9,south,south,12,12,0,1,0,1
10.57692,-2.605558,12,16,south,south,12,12,0,3,1,1
16.82692,1.547025,13,11,south,south,12,12,0,3,1,1
23.10924,2.608145,14,12,north_central,south,12,12,0,1,1,1
17.30769,2.983861,15,6,south,south,14,20,1,8,1,1
7.445323,2.939816,15,9,northeast,northeast,12,16,0,7,1,0
13.39764,3.430274,15,8,south,south,12,16,0,7,0,1
5.665025,2.001849,12,12,south,south,11,11,0,3,1,1
11.23596,3.164538,12,14,south,south,12,16,0,3,0,0
10.98131,0.7490018,12,9,south,south,12,10,0,1,1,1
12.5,-0.669571,12,15,south,south,8,8,0,7,1,1
4.278846,-0.7940337,9,11,south,south,9,12,0,4,1,1
5.387572,3.344923,12,10,south,south,12,14,0,2,0,1
16.16815,0.7711733,15,12,south,south,10,20,0,3,1,1
17.34234,1.18698,15,9,south,south,10,20,0,3,1,1
1.023529,-4.118346,10,13,south,south,6,4,1,5,1,1
8.371616,0.6133271,10,17,south,north_central,10,10,0,1,1,0
8.333333,0.4242922,12,15,south,south,12,7,0,3,1,1
9.257951,4.200429,17,6,south,south,13,17,0,2,1,1
20.0,2.145633,13,15,south,south,12,10,0,1,1,0
14.85944,4.155759,15,9,south,south,12,12,1,1,1,0
32.14286,-0.5995222,12,13,south,south,6,9,0,1,0,1
17.68868,4.885482,16,6,south,south,16,16,0,3,1,1
4.674797,3.822263,12,13,south,south,12,19,0,3,1,1
17.78846,4.353277,13,7,south,south,14,16,0,3,0,1
6.936416,3.295461,17,9,south,south,13,12,0,1,1,1
11.21495,1.560619,11,11,south,south,12,11,0,2,0,1
6.555944,3.863326,13,14,north_central,south,12,16,1,9,1,1
5.835962,1.141238,11,14,west,west,12,13,1,5,1,1
13.87755,2.050756,12,13,south,west,12,14,0,4,1,1
8.75,3.921175,14,10,north_central,west,12,14,0,4,1,1
12.768370000000001,3.519193,12,10,west,west,12,14,0,4,0,1
5.219207,-0.3280686,12,10,west,west,12,14,0,3,1,1
17.43119,4.616819,18,7,west,west,15,8,0,6,1,0
9.519231,4.247675,17,4,west,west,13,14,0,2,1,1
13.78205,4.010229,15,8,west,west,12,15,0,3,1,1
16.34615,-0.5271431,10,12,west,west,12,12,0,3,1,1
13.0,-0.0153414,12,11,west,west,11,11,0,3,1,1
10.71429,0.7574296,12,9,west,west,11,11,0,3,1,1
27.91347,1.165591,12,15,west,west,12,10,1,7,1,1
21.95122,1.605593,12,8,west,west,12,12,0,2,1,1
5.813953,2.866234,12,11,north_central,west,12,12,0,3,0,1
5.882353,1.609997,13,7,west,west,12,12,0,3,1,1
9.011495,2.1338530000000002,12,11,west,west,12,12,0,5,1,1
61.95745,2.775396,16,8,west,west,12,8,0,4,1,1
54.60994,3.446674,15,12,west,west,12,12,0,4,1,1
19.23077,2.159045,16,10,west,west,14,18,0,2,1,1
15.38461,5.461836,15,6,west,west,16,14,0,3,1,1
7.450331,1.354732,9,11,west,west,16,14,0,3,1,1
8.679245,3.805242,14,7,west,west,12,12,0,3,1,1
18.04577,5.689522,16,5,west,west,12,16,0,3,1,1
8.605769,1.751891,12,10,west,west,12,12,0,6,1,1
12.0075,0.956888,12,10,west,west,12,12,0,6,1,1
11.57025,0.7518311,12,10,west,west,16,16,0,1,1,1
33.33333,2.832816,15,12,west,west,12,14,0,3,1,1
14.42308,2.561262,10,10,west,west,12,12,1,3,1,1
19.40706,5.545694,16,5,west,west,18,18,0,1,1,1
9.712838,1.859971,12,10,west,west,12,8,0,3,1,1
15.86539,2.638179,11,11,west,west,13,13,0,5,1,1
15.53254,0.4470317,15,7,west,west,18,14,1,2,1,1
13.02932,0.5754567,13,10,west,west,12,12,0,1,1,1
10.09615,0.6807618,12,12,west,west,12,12,0,1,0,1
12.67159,3.054833,15,11,west,west,17,20,0,3,1,1
8.888889,0.8592457,15,11,northeast,west,16,16,1,3,1,1
11.11111,2.605501,12,9,west,west,12,12,0,4,1,1
4.237288,-0.8543364,10,13,west,west,12,12,0,3,1,1
20.49427,1.887446,13,11,west,west,14,12,0,3,1,1
15.38461,4.310818,18,9,west,northeast,15,16,0,5,1,1
11.67883,1.774927,12,9,west,west,13,20,0,2,1,1
4.394939,0.2907195,8,12,west,west,12,12,0,2,1,1
2.030457,-1.271899,10,11,south,west,12,10,1,2,1,1
6.722689,3.666187,12,10,west,west,14,20,0,3,1,1
28.84615,1.433428,14,12,west,west,11,11,0,0,1,1
1.644144,-2.790129,12,13,west,west,12,14,1,5,1,1
11.95402,3.123209,12,8,west,west,12,12,0,2,1,1
4.897959,3.279637,12,11,south,west,13,15,0,1,0,1
15.97633,3.099788,12,11,west,west,12,12,0,1,1,1
4.310345,-0.1814499,12,11,west,west,12,14,1,3,1,1
4.778846,4.23855,12,9,west,west,12,16,0,5,1,1
9.252669,1.802781,12,12,west,west,12,12,0,2,1,1
22.00261,4.080197,16,11,west,west,14,16,0,1,1,1
56.0,3.105009,18,9,west,west,16,16,0,3,1,1
9.0,3.551937,16,5,west,west,12,13,1,2,1,1
8.653846,2.195612,12,15,west,west,18,20,0,5,1,1
11.73512,0.2875164,12,14,northeast,northeast,12,12,0,5,0,1
9.134233,4.371116,12,10,northeast,northeast,10,12,0,1,0,1
5.7692310000000004,-1.130523,12,9,northeast,northeast,8,8,0,3,0,1
11.65791,1.532009,12,11,northeast,northeast,12,12,0,2,0,1
3.556853,-3.292768,12,12,northeast,northeast,8,9,1,3,0,1
5.288462,1.042725,12,10,northeast,northeast,8,9,1,3,0,1
5.836576,-1.592035,12,9,northeast,northeast,8,9,1,3,0,1
7.0,1.254746,12,12,northeast,northeast,12,12,1,2,0,1
9.574468,1.506882,13,9,northeast,northeast,12,14,0,3,0,1
17.09402,3.658343,13,12,northeast,northeast,12,12,0,1,0,1
7.692307,-1.276887,12,14,northeast,northeast,10,9,0,3,0,1
13.46154,0.1500415,12,14,northeast,northeast,11,11,0,2,0,0
18.42105,2.281181,12,14,northeast,northeast,12,12,1,2,0,0
8.031552,3.316141,18,9,south,northeast,16,16,0,2,0,0
17.89709,2.195858,12,12,northeast,northeast,12,12,0,2,0,0
12.01923,-3.348253,12,13,northeast,northeast,12,12,0,3,1,1
12.01923,3.242872,13,12,northeast,northeast,13,13,0,5,1,0
14.81481,2.818164,12,15,northeast,northeast,12,17,0,5,1,1
10.62925,-0.8716548,12,15,northeast,northeast,12,8,1,3,0,1
8.928572,3.549903,12,9,north_central,north_central,12,12,0,4,1,1
8.204412,1.19677,12,10,north_central,north_central,12,12,0,2,1,1
12.45529,0.1726276,13,7,north_central,north_central,12,12,0,2,1,1
16.02564,2.96449,12,15,north_central,north_central,12,10,0,2,1,0
4.909091,1.16373,12,12,north_central,north_central,12,12,0,3,1,0
3.75,-1.544743,12,13,north_central,north_central,17,17,0,1,1,0
4.599816,-1.907367,9,13,west,north_central,12,4,1,4,1,1
8.566533,-0.6717932,12,9,north_central,north_central,12,3,1,4,1,1
4.0,1.676199,12,15,north_central,south,9,12,0,2,1,1
8.99654,1.502292,12,12,north_central,north_central,12,12,1,6,0,1
5.792125,-4.671546,11,11,north_central,north_central,12,12,0,7,1,1
13.98601,1.256148,15,7,north_central,north_central,16,12,0,2,1,1
11.37821,4.611488,14,9,north_central,north_central,12,12,0,0,1,1
22.42152,3.421192,18,9,west,north_central,16,18,0,1,1,1
8.008008,2.331033,12,12,north_central,north_central,12,14,0,3,1,1
4.464286,-2.723303,12,8,north_central,north_central,7,8,1,5,1,1
8.136095,2.318096,12,12,north_central,north_central,12,9,0,3,1,1
7.639257,0.561839,12,8,north_central,north_central,12,11,0,3,1,1
8.888889,-0.8755597,12,8,north_central,north_central,12,12,0,2,1,1
14.452209999999999,4.612123,15,10,north_central,north_central,17,20,0,1,1,1
6.756757,2.301214,12,12,north_central,west,11,11,0,6,1,1
5.392157,-3.717161,11,10,north_central,north_central,12,14,1,2,1,1
6.00781,-0.4978274,12,8,north_central,north_central,12,15,1,2,1,1
9.61183,2.156143,12,9,south,north_central,12,12,0,1,1,1
22.11539,4.674943,17,6,north_central,north_central,13,17,0,1,1,1
7.462687,2.589753,14,9,north_central,north_central,12,12,0,5,1,1
11.56195,2.555838,17,10,north_central,north_central,6,13,0,11,0,0
8.653846,0.60815109999999994,12,8,north_central,north_central,13,8,1,4,0,1
15.38461,4.773034,16,9,west,north_central,10,12,0,4,1,0
12.52234,1.716254,12,14,north_central,north_central,12,12,0,3,0,1
42.78075,1.577286,16,8,north_central,north_central,12,12,0,2,1,1
20.59829,2.391718,12,15,north_central,north_central,10,12,0,6,0,1
5.079365,2.053737,12,14,north_central,north_central,11,11,0,8,0,1
7.408863,-0.001763,12,14,north_central,north_central,12,12,0,6,0,1
12.3476,1.813796,11,13,north_central,north_central,12,12,0,6,0,1
20.28869,2.209221,12,15,north_central,north_central,12,12,0,4,0,1
16.20085,-0.3350346,15,12,north_central,north_central,12,12,0,4,1,1
13.63506,-0.002955,12,13,north_central,north_central,12,12,0,4,0,1
11.7125,4.820545,12,15,north_central,north_central,12,10,0,3,0,1
9.855769,1.435404,12,14,north_central,north_central,12,12,0,1,0,1
7.723577,-3.479519,11,14,south,south,10,10,0,2,0,1
10.57692,1.327745,12,15,south,south,12,12,0,2,0,1
6.25,0.4370909,11,16,south,south,11,6,0,4,0,1
28.73563,0.6343608,12,14,south,south,12,10,0,0,0,1
8.833333,3.475097,15,9,south,south,14,14,0,2,0,1
9.615385,2.468759,12,12,south,south,12,11,0,0,0,0
15.81197,0.6314005,13,12,south,south,12,12,1,2,1,0
7.591837,0.126079,12,15,south,south,10,11,0,1,0,1
6.25,-1.987227,8,19,south,south,12,6,0,2,0,1
6.560773,2.07952,12,12,south,south,14,9,0,2,0,1
22.70299,4.739634,16,11,south,south,12,10,0,1,1,0
6.973958,4.640319,15,12,south,south,12,18,0,2,1,0
8.894231,1.132934,12,13,south,south,15,12,0,1,0,1
13.71877,2.54978,15,12,south,south,18,16,0,3,1,1
24.51923,3.945472,16,10,south,south,16,16,0,5,1,0
18.33962,4.466293,16,7,south,south,16,16,0,5,1,1
1.877682,0.9550086,12,15,south,south,12,12,0,3,1,1
11.05769,-1.708799,9,14,south,south,9,9,0,5,1,1
20.0,4.590547,14,12,south,south,12,12,0,2,1,1
12.71503,2.782503,12,16,south,south,10,9,0,1,0,1
5.42571,-1.039836,9,12,south,south,8,8,0,6,1,1
11.1532,1.815351,9,16,south,south,15,13,1,5,1,1
8.0,-0.5182638,9,15,south,south,10,12,0,2,0,1
11.67883,2.79487,14,12,south,south,10,12,0,3,1,1
14.03181,2.39257,14,8,south,south,12,12,0,1,1,1
6.730769,2.23879,15,10,south,north_central,16,13,1,3,1,1
14.85569,-0.0683516,10,14,south,south,9,7,0,4,1,0
8.695652,2.906546,12,15,south,south,12,10,0,1,1,1
14.42308,3.751399,12,12,south,south,12,12,0,3,0,1
18.3908,-1.930277,12,10,south,south,12,12,0,1,1,1
11.03231,1.337225,10,12,south,south,12,12,1,3,1,1
10.46901,2.025904,12,8,west,west,12,10,0,1,1,1
10.57692,-0.3630699,12,10,west,west,11,12,0,3,1,1
10.17115,2.09653,12,8,west,west,11,12,0,3,1,1
4.180602,1.03112,11,13,south,south,12,12,1,3,1,1
2.392344,2.29443,10,13,south,west,12,12,1,3,1,1
9.285714,0.4491573,12,15,west,west,12,12,0,3,1,1
12.7193,1.740025,12,10,northeast,west,12,10,0,1,1,1
12.72578,-0.5404299,12,16,west,west,12,12,0,2,1,1
15.86539,-0.5419042,12,14,west,west,16,12,0,5,1,1
15.76763,4.42769,12,11,south,west,12,15,1,2,0,1
12.9199,0.1994572,13,15,west,west,12,12,1,3,1,1
4.901923,1.632355,12,14,north_central,north_central,12,9,0,5,0,0
21.63461,5.284061,20,4,northeast,northeast,16,18,0,2,1,0
10.41667,3.507412,12,13,north_central,north_central,12,12,1,2,1,1
7.837838,0.4723388,12,15,north_central,north_central,12,12,0,2,0,0
4.644682,2.014192,12,13,north_central,north_central,12,6,0,3,0,0
12.09677,5.01182,14,13,west,north_central,14,12,0,4,1,0
8.826125,4.403708,12,12,north_central,north_central,15,13,0,4,0,0
8.908686,2.771295,13,13,north_central,north_central,12,12,0,4,1,1
10.55743,2.79181,16,8,north_central,north_central,12,12,0,4,0,1
5.732408,-0.984046,8,18,north_central,west,12,15,1,4,0,1
5.925926,0.7963127,12,15,north_central,north_central,12,12,0,1,0,0
6.232295,1.471273,12,12,north_central,north_central,10,12,0,2,0,0
13.56875,4.75353,13,13,north_central,north_central,14,17,0,3,0,1
11.45038,2.242063,13,15,north_central,north_central,12,12,0,4,0,1
11.35903,1.923339,12,14,north_central,north_central,12,12,0,2,0,0
1.927525,3.810174,15,9,north_central,north_central,12,12,0,2,0,0
18.3121,-1.07641,12,15,north_central,north_central,12,12,0,4,0,1
7.211538,1.991148,12,14,north_central,north_central,12,12,0,4,0,1
8.708273,2.203011,12,13,north_central,north_central,12,12,0,3,1,1
4.803922,0.4569405,12,8,north_central,north_central,8,8,1,4,1,1
3.296703,1.39177,11,13,north_central,north_central,12,12,0,1,0,0
2.144559,4.029147,14,13,north_central,north_central,12,9,0,2,0,1
10.05366,1.559833,12,11,north_central,north_central,8,8,0,3,1,1
13.02083,3.397067,12,10,north_central,north_central,12,12,0,5,1,1
4.45576,-1.544608,8,12,south,north_central,8,2,0,12,0,1
12.29508,3.612122,12,14,south,south,10,12,1,5,0,1
25.48077,2.021104,13,13,south,south,12,10,0,3,1,0
8.661417,2.82621,13,13,south,south,11,12,0,2,0,0
4.375,3.881803,12,12,west,south,12,12,0,3,1,0
10.59696,4.112073,16,8,south,south,12,12,0,1,0,1
23.49039,4.879282,15,10,south,south,15,15,0,4,1,1
11.21795,3.326649,20,6,south,north_central,18,19,0,2,1,0
6.395349,0.7196631,12,13,south,south,11,5,0,1,0,1
22.61905,1.331188,12,15,south,south,11,4,0,2,0,0
8.0,1.725609,12,14,south,south,11,12,0,2,0,1
5.516667,-2.445959,9,18,south,south,11,5,0,1,0,1
12.5,3.124623,14,13,south,south,4,7,0,5,0,0
9.340659,-2.091483,12,12,south,south,9,9,0,3,0,0
11.83432,3.342044,15,10,south,south,12,12,0,4,0,0
21.63461,-1.659106,12,12,south,south,7,12,0,0,0,0
12.01923,2.291139,11,10,northeast,northeast,14,8,1,0,1,1
12.01923,2.740059,12,13,northeast,northeast,12,11,0,3,1,1
4.363636,1.21689,8,19,northeast,northeast,7,9,0,4,1,1
9.615385,-0.3089841,10,11,northeast,northeast,12,11,0,1,1,1
3.633218,4.859405,15,8,northeast,northeast,12,8,0,2,1,1
12.01923,3.509562,13,13,northeast,northeast,12,10,0,2,1,1
18.18182,1.731742,13,15,northeast,northeast,16,13,0,1,1,1
20.87912,4.897962,17,4,northeast,northeast,16,20,0,2,1,1
12.72727,0.4019148,12,15,northeast,northeast,12,12,0,0,1,0
4.815409,3.292352,12,10,northeast,northeast,12,13,0,6,1,1
11.53846,3.39161,15,6,northeast,northeast,12,13,0,2,1,1
15.71429,6.263742,16,5,northeast,northeast,14,15,0,1,1,1
16.38151,1.720268,15,12,northeast,northeast,15,16,0,5,1,1
14.69353,3.940967,15,8,northeast,northeast,15,16,0,5,1,1
26.64298,5.237422,18,7,northeast,northeast,16,17,0,1,1,1
11.95652,1.175396,15,5,northeast,northeast,16,18,0,3,1,1
19.58042,3.848412,17,6,north_central,northeast,16,17,0,3,1,1
12.01923,3.852825,15,7,northeast,northeast,16,16,0,2,1,1
12.0155,4.429811,18,5,northeast,northeast,16,16,0,2,1,1
27.65705,3.947143,15,8,northeast,northeast,17,17,0,2,1,1
19.5122,4.801205,16,6,northeast,northeast,16,17,0,2,1,1
12.29688,4.589003,19,8,northeast,north_central,16,14,0,2,1,1
7.814208,2.735733,17,8,northeast,northeast,10,8,0,1,1,1
12.5,1.000006,12,11,south,northeast,12,12,1,6,0,1
15.8244,0.0169732,12,8,northeast,northeast,12,14,0,6,1,1
13.24393,1.327434,12,12,northeast,northeast,12,12,1,4,1,1
11.8838,2.50396,10,12,northeast,northeast,12,12,0,5,1,1
12.5,0.9990907,12,9,northeast,northeast,12,12,0,5,1,1
13.67521,3.621453,11,13,northeast,northeast,17,12,1,3,1,1
17.95841,2.930066,14,9,northeast,northeast,16,12,0,2,1,1
19.38611,3.252471,15,12,northeast,northeast,18,20,0,2,1,1
12.39926,2.06251,12,11,northeast,northeast,12,14,0,3,1,1
19.04762,3.286566,15,6,northeast,northeast,15,19,0,5,1,1
9.347826,0.7689123,10,12,northeast,northeast,7,12,1,1,1,1
17.06685,-3.272353,13,7,northeast,northeast,12,7,0,4,1,1
16.17251,1.979797,15,7,west,northeast,14,16,0,3,1,1
11.05845,2.808683,14,6,northeast,northeast,14,16,0,3,1,1
20.47448,2.843991,15,8,northeast,northeast,12,16,0,5,1,1
6.222222,1.771777,14,8,northeast,northeast,16,16,0,1,0,1
6.872852,-0.3411266,10,11,northeast,northeast,12,12,0,4,1,1
5.240793,4.086502,14,8,northeast,northeast,12,12,0,2,1,1
13.83764,1.698632,11,10,northeast,northeast,12,14,0,3,1,1
15.69507,0.8695958,11,12,northeast,northeast,12,12,0,6,1,1
11.59875,3.883094,20,7,north_central,northeast,16,12,0,1,1,1
6.919414,0.7113221,13,9,northeast,northeast,12,12,0,3,1,1
35.32609,5.503091,15,9,northeast,northeast,13,18,0,3,1,1
19.88636,5.039571,14,6,northeast,northeast,13,18,1,3,1,1
20.33272,3.426268,16,8,northeast,northeast,12,12,0,1,1,1
9.077879,2.932952,12,13,northeast,northeast,15,10,1,4,1,1
11.21657,3.500802,13,13,northeast,northeast,12,12,0,3,1,1
15.81197,2.532035,12,14,northeast,northeast,11,11,0,4,1,1
19.23077,3.283334,15,8,northeast,northeast,12,12,0,2,1,1
8.341827,2.522619,15,5,northeast,northeast,14,14,0,4,1,1
10.91445,1.795552,17,6,northeast,northeast,12,12,0,5,1,1
8.979206,0.932681,15,12,north_central,northeast,12,12,0,3,1,1
26.21723,0.7652098,13,10,northeast,northeast,16,14,0,4,1,1
17.78846,0.5199093,12,14,northeast,northeast,12,15,0,6,1,1
12.98077,2.290261,12,12,northeast,northeast,11,11,0,4,1,1
3.690037,-3.399213,8,17,south,northeast,11,8,0,5,0,1
15.86539,2.45455,12,14,northeast,northeast,12,12,0,1,1,1
8.997955,-1.952946,12,9,northeast,northeast,12,8,1,2,1,1
12.71186,4.41265,12,10,northeast,northeast,8,8,0,2,1,1
10.23587,-1.63059,12,15,northeast,northeast,12,12,0,5,1,0
19.84733,-1.859786,13,12,west,northeast,12,12,0,5,1,0
25.48077,4.048378,15,12,northeast,northeast,16,16,0,1,1,0
11.05769,1.498101,14,12,south,northeast,12,12,0,3,1,0
25.34287,3.594947,15,9,northeast,northeast,11,12,0,1,0,0
7.524272,4.4086,14,11,northeast,northeast,12,10,0,2,1,0
16.82692,-1.054816,12,15,northeast,northeast,12,12,0,2,1,1
22.59615,1.280386,12,16,northeast,northeast,9,11,0,3,0,1
5.571031,-1.970441,12,10,northeast,northeast,12,12,0,5,1,1
10.99366,2.186536,12,11,northeast,northeast,12,12,0,2,1,1
22.98851,3.625654,20,5,northeast,northeast,14,18,0,1,1,1
21.39423,2.743769,17,9,northeast,northeast,12,12,0,2,1,1
18.17308,-0.1052468,12,14,northeast,northeast,12,12,1,4,1,1
18.59679,1.397144,13,13,northeast,northeast,12,12,0,3,1,1
14.75827,4.552005,15,8,northeast,northeast,12,14,0,2,0,1
3.544166,0.9988748,12,9,northeast,northeast,12,12,0,0,1,1
9.375,1.79087,14,10,west,northeast,14,20,1,2,1,1
4.782146,0.6041726,14,7,west,northeast,14,20,1,2,1,1
11.51079,4.470508,15,8,northeast,northeast,14,16,0,3,1,1
54.60994,4.090394,15,10,northeast,northeast,17,16,0,1,1,1
73.37769,4.282351,17,5,northeast,northeast,16,20,0,2,1,1
18.31502,4.991538,20,6,north_central,northeast,16,20,0,2,1,1
30.35559,2.818702,20,4,northeast,northeast,16,20,0,2,1,1
19.23077,2.7003,17,10,west,northeast,12,19,0,3,1,0
81.9149,3.205986,18,9,northeast,northeast,16,16,0,1,1,1
14.0,2.371774,15,9,northeast,northeast,16,16,0,2,1,1
55.40911,5.233799,19,6,south,northeast,15,7,0,2,1,1
18.15039,3.161094,12,12,northeast,northeast,12,12,0,4,1,1
8.527132,-0.0172311,11,12,northeast,northeast,12,11,1,0,0,1
7.174666,2.60916,12,12,northeast,northeast,12,12,0,2,0,1
12.68882,3.594704,12,13,northeast,northeast,12,12,1,4,0,1
8.605769,-0.2680129,8,18,northeast,northeast,10,8,0,4,1,1
7.079646,1.378433,12,10,northeast,northeast,10,8,0,4,1,1
10.73345,0.9767839,12,15,northeast,northeast,12,11,0,3,1,1
17.85714,2.325718,12,11,northeast,northeast,12,10,0,2,1,1
7.596685,3.003588,12,9,northeast,northeast,12,12,1,6,1,1
8.96861,2.288876,12,9,northeast,northeast,12,12,1,6,1,1
9.820192,2.135983,12,15,northeast,northeast,12,16,0,5,1,1
14.77636,3.016752,14,9,northeast,northeast,12,16,0,5,1,1
13.91304,3.547518,12,10,northeast,northeast,12,16,0,5,1,1
32.34043,2.762037,17,9,northeast,northeast,15,16,0,1,1,0
9.602649,0.1217608,10,11,northeast,northeast,9,12,0,2,1,1
12.01923,1.200374,12,15,northeast,northeast,12,8,0,4,1,1
8.437271,2.418717,12,12,northeast,northeast,12,10,0,4,1,0
7.570296,1.662283,12,12,northeast,northeast,12,8,1,1,1,0
11.44165,1.716312,12,10,northeast,northeast,12,8,1,4,1,1
22.00489,4.84971,12,12,northeast,northeast,12,20,0,2,1,1
8.911819,3.641176,13,14,northeast,northeast,14,16,0,1,1,1
26.92308,3.794152,15,9,northeast,northeast,12,11,0,2,1,1
8.032128,-2.337237,8,13,northeast,northeast,11,10,1,6,1,1
18.60465,3.831033,15,9,northeast,northeast,12,14,0,2,1,1
22.41036,3.694774,16,11,northeast,northeast,12,12,0,2,0,1
24.03846,3.296454,17,7,northeast,northeast,12,12,0,2,1,1
8.748573,1.893183,9,15,north_central,north_central,16,11,1,2,1,1
15.13718,3.02338,11,13,north_central,north_central,5,8,0,6,1,1
11.81376,-1.045215,13,7,north_central,north_central,5,12,0,2,1,1
12.17391,1.121499,10,13,south,north_central,12,16,0,3,0,1
19.60784,-1.397631,12,9,north_central,north_central,12,12,0,2,1,1
9.504132,-1.300514,12,12,north_central,north_central,13,14,0,3,1,1
5.196305,0.5101748,14,8,north_central,north_central,13,14,0,3,1,1
4.892368,0.4007933,18,2,north_central,north_central,12,18,1,5,1,1
13.75,2.395024,14,11,north_central,north_central,12,18,1,6,1,1
12.59947,1.989805,12,10,north_central,north_central,12,11,0,5,1,1
11.3071,2.688474,17,7,north_central,north_central,12,12,0,7,1,1
11.73798,5.177561,14,10,north_central,north_central,12,12,0,2,1,1
14.97006,3.496176,12,11,north_central,north_central,12,12,0,2,1,1
22.59615,2.783048,15,7,north_central,north_central,12,12,1,1,1,1
10.16393,3.498971,12,9,north_central,north_central,12,12,0,9,1,1
14.36266,2.915625,12,14,north_central,north_central,12,19,0,3,1,1
12.7582,2.141221,15,7,north_central,north_central,12,8,1,0,1,1
16.787,2.041121,12,10,north_central,north_central,12,11,0,4,1,1
14.67748,2.040502,12,15,north_central,north_central,12,12,0,4,1,0
15.29637,-0.0149107,12,12,north_central,north_central,12,12,0,4,1,1
11.49425,0.941516,12,12,north_central,north_central,12,12,0,1,1,1
21.63461,5.076578,15,7,north_central,north_central,12,12,0,3,1,1
9.433962,2.750761,15,10,north_central,north_central,12,12,0,1,1,1
20.08547,2.754092,16,11,south,north_central,16,17,0,4,0,1
13.70192,4.212347,12,9,north_central,north_central,13,12,0,4,1,1
11.05769,-1.358992,11,12,north_central,north_central,6,6,1,4,1,1
2.330097,-2.548958,10,14,north_central,north_central,6,4,1,1,1,1
15.25424,0.5215123,12,9,north_central,north_central,12,8,1,1,1,1
7.54717,-0.5122066,12,8,north_central,north_central,12,12,0,2,1,1
16.82692,1.770423,13,9,north_central,north_central,16,13,0,5,1,1
7.606264,1.199419,15,6,north_central,north_central,16,13,0,5,1,1
16.48805,4.202961,15,8,north_central,north_central,12,16,0,3,1,1
13.94052,3.906719,15,5,north_central,north_central,12,16,0,3,1,1
7.560684,3.407049,15,11,west,north_central,12,12,0,2,1,1
13.48921,1.170689,12,13,north_central,north_central,12,12,0,3,1,1
18.51852,-0.4542438,12,10,north_central,north_central,12,12,0,3,1,1
22.31237,1.62768,15,9,north_central,north_central,12,10,0,3,1,1
20.61495,0.1869582,12,10,north_central,north_central,12,10,0,3,1,1
26.28062,-0.9007283,12,10,north_central,north_central,12,10,0,3,1,1
14.42308,1.858021,12,14,north_central,north_central,12,12,0,2,1,1
10.84011,0.7816762,12,9,north_central,north_central,12,12,0,2,1,1
8.77193,-2.601909,9,11,north_central,north_central,5,12,0,3,1,1
11.03448,1.299661,13,10,north_central,north_central,12,12,0,0,1,1
15.86539,2.453815,12,15,south,north_central,10,10,0,3,1,0
19.17808,0.5028295,12,15,north_central,north_central,12,12,1,3,1,1
19.18803,0.9645514,12,16,north_central,north_central,9,10,0,3,1,1
16.15385,2.804419,12,15,north_central,north_central,12,12,0,5,1,0
16.34615,3.855217,12,10,north_central,north_central,14,12,0,3,1,1
7.263123,0.9414916,12,11,north_central,north_central,9,12,0,2,1,1
11.29032,-0.36877,12,9,north_central,north_central,12,12,0,3,1,1
10.15326,-1.209751,16,8,north_central,north_central,12,12,0,6,1,1
12.1995,0.0751199,13,9,north_central,north_central,12,12,0,6,1,1
25.4717,1.431937,13,10,north_central,north_central,12,10,0,6,1,1
10.9375,4.410509,15,8,north_central,north_central,14,16,0,2,1,1
30.76923,4.441337,13,13,north_central,north_central,12,12,0,1,1,1
10.96122,2.673222,12,12,north_central,north_central,9,9,0,6,1,1
3.831508,3.61918,12,10,north_central,north_central,11,9,0,8,1,1
7.692307,3.949184,12,12,north_central,north_central,9,13,0,4,1,1
12.01923,-3.124036,12,8,north_central,north_central,12,10,1,4,1,1
8.041958,-1.84342,12,14,north_central,north_central,10,8,0,9,1,1
12.62019,-1.319714,12,13,north_central,north_central,10,8,0,9,1,1
9.565217,3.309341,12,12,north_central,north_central,12,12,0,4,1,0
12.24036,0.3077107,12,9,north_central,north_central,12,12,0,4,1,1
5.7692310000000004,-2.085821,9,14,north_central,north_central,9,9,1,4,1,1
16.82692,1.935397,12,15,north_central,north_central,12,12,0,4,1,0
6.102212,1.743508,12,16,north_central,north_central,8,8,0,2,1,0
10.06192,3.248561,12,13,north_central,north_central,12,13,0,1,0,0
25.48077,2.653928,15,12,north_central,north_central,12,12,0,3,1,1
15.41502,3.931115,17,6,north_central,north_central,12,14,0,1,1,1
24.03846,4.382967,15,9,north_central,north_central,12,12,0,2,1,1
13.70192,3.391479,14,13,north_central,north_central,12,16,0,2,1,1
6.521739,3.378213,18,5,west,north_central,12,16,1,2,1,1
13.62179,2.440849,12,13,north_central,north_central,12,12,0,2,1,1
6.976744,4.764368,13,12,north_central,north_central,12,11,0,3,1,1
22.5052,2.908901,12,12,north_central,north_central,12,12,0,6,1,1
13.00813,4.035484,11,11,north_central,north_central,12,12,0,6,1,1
15.66782,1.355281,12,12,north_central,north_central,12,13,0,8,1,0
10.38724,1.168016,12,8,north_central,north_central,12,12,0,8,1,1
16.02564,0.1441706,12,13,north_central,north_central,12,12,0,1,1,1
15.625,3.064914,12,14,north_central,north_central,12,8,0,4,1,0
20.84767,2.374759,12,16,north_central,north_central,11,12,0,3,1,1
9.972801,1.39911,12,10,north_central,north_central,9,9,0,3,1,1
7.740385,4.277255,12,10,north_central,north_central,13,12,0,4,1,1
7.408377,4.4284,10,11,north_central,north_central,12,9,0,3,1,1
36.80556,2.100579,15,11,north_central,north_central,11,15,0,5,1,1
6.366346,2.247434,12,11,north_central,north_central,12,10,0,2,1,1
8.798077,-2.76763,12,15,north_central,north_central,12,9,0,1,1,1
7.138462,-4.572411,12,13,north_central,north_central,12,9,0,1,1,1
12.33974,4.482183,15,7,north_central,north_central,12,11,0,0,1,1
64.15022,2.042867,17,10,north_central,north_central,16,18,0,1,1,0
7.0,-1.466051,10,12,north_central,north_central,12,11,0,5,1,1
3.301887,-2.129632,9,11,north_central,north_central,12,11,0,4,1,1
61.28885,-0.2721091,12,14,north_central,north_central,9,12,1,5,1,1
5.647945,2.294609,15,7,north_central,north_central,12,7,0,2,1,1
4.254254,-3.65578,11,13,north_central,north_central,8,5,0,8,1,1
20.91503,5.359103,18,6,north_central,north_central,14,16,0,3,1,1
11.52,5.357341,20,2,northeast,north_central,20,20,0,1,1,1
22.48876,3.045233,15,13,north_central,north_central,16,16,0,2,1,1
9.420631,1.947523,16,4,north_central,north_central,16,16,0,2,1,1
15.38461,2.603361,15,9,north_central,north_central,12,16,0,5,1,1
12.4533,2.730369,15,7,north_central,north_central,16,14,0,1,1,1
31.25,1.948172,15,11,north_central,north_central,16,18,0,8,1,1
13.16271,2.107165,15,10,north_central,north_central,16,16,0,7,1,1
17.04036,3.624949,17,6,south,north_central,20,20,0,1,1,1
25.20325,0.9317185,9,13,south,south,14,14,1,2,1,1
11.87845,1.30909,11,15,north_central,north_central,12,10,0,4,1,1
12.98077,1.269127,13,14,west,north_central,12,12,0,4,1,1
44.05286,3.338229,15,11,north_central,north_central,12,12,0,7,1,1
17.36672,3.596047,12,12,north_central,north_central,12,12,0,7,1,1
14.35512,3.723485,15,8,north_central,north_central,16,18,0,4,1,1
10.76555,2.277141,12,16,north_central,north_central,5,5,0,2,0,1
14.42308,3.085365,12,14,north_central,north_central,11,9,0,4,1,0
3.5955530000000002,2.367058,10,14,north_central,north_central,11,14,0,2,1,1
4.807693,4.16734,12,9,north_central,north_central,11,12,0,2,1,1
7.345896,5.531036,12,9,north_central,north_central,12,19,0,2,1,1
4.928132,-0.2733392,8,12,north_central,north_central,12,10,0,1,1,1
20.0,5.211646,15,8,north_central,north_central,12,11,0,1,1,1
7.5342460000000004,3.062449,15,9,north_central,north_central,12,12,0,2,1,1
6.118421,2.662269,12,14,north_central,north_central,12,12,1,3,1,1
7.284382,3.007731,12,10,north_central,north_central,12,12,1,3,1,1
8.151009,1.492704,9,12,north_central,north_central,12,12,1,3,1,1
14.61539,5.291098,17,5,north_central,north_central,12,18,0,1,1,1
14.70588,4.222446,12,9,north_central,north_central,12,10,0,3,1,1
7.5,5.006999,11,10,north_central,north_central,12,8,0,2,1,1
13.11606,2.416193,12,13,north_central,north_central,11,12,0,3,1,0
24.19355,2.347017,11,9,north_central,north_central,12,10,1,1,1,1
11.17318,1.606445,12,15,north_central,north_central,12,10,0,0,1,1
14.90385,4.035834,16,10,north_central,north_central,15,14,0,3,1,1
13.56322,3.382336,12,8,north_central,north_central,15,17,0,1,1,1
26.89076,0.1849117,12,14,north_central,north_central,12,12,1,2,1,0
11.87032,3.800656,17,7,north_central,north_central,18,18,0,1,1,1
6.355591,2.996195,15,7,north_central,north_central,16,18,0,2,1,1
57.28782,5.2777520000000004,20,5,north_central,north_central,16,18,0,1,1,1
8.741259,4.921075,15,8,north_central,north_central,12,12,0,2,1,1
14.18182,4.032985,15,5,northeast,north_central,12,18,0,3,1,1
3.376623,4.115037,15,5,west,north_central,16,19,0,1,1,1
7.467949,0.9952354,12,13,north_central,north_central,9,10,0,0,1,1
8.653846,1.714376,11,10,north_central,north_central,11,12,1,3,1,1
7.836538,-0.0085335,12,13,north_central,north_central,12,12,0,3,1,1
9.302325,2.30022,12,8,north_central,north_central,12,12,0,2,1,1
6.31579,0.6088053,9,11,north_central,north_central,12,12,1,3,1,1
6.923077,4.254527,13,11,west,west,15,13,0,2,1,1
19.35096,2.108273,12,14,north_central,north_central,12,10,0,3,1,1
13.42555,1.770497,12,8,north_central,north_central,12,12,0,2,1,1
22.59615,3.393463,18,5,west,north_central,14,19,1,1,1,1
9.713024,-0.0178009,12,11,north_central,north_central,12,12,0,6,1,1
16.37308,4.524404,15,6,north_central,north_central,12,12,0,6,1,1
12.74039,5.147064,17,7,north_central,north_central,12,13,0,2,1,1
12.01923,4.562548,15,6,north_central,north_central,12,13,0,2,1,1
25.87322,4.736867,18,3,west,north_central,14,18,0,4,1,1
5.008013,5.353204,19,2,south,north_central,12,14,1,2,1,1
12.10165,3.42473,17,8,south,north_central,12,12,0,1,1,1
9.523809,4.417848,17,5,north_central,north_central,12,16,0,2,1,1
7.317073,3.418483,14,12,north_central,south,10,12,1,3,0,1
6.449012,4.659421,19,3,northeast,north_central,18,18,0,2,1,1
18.4182,4.832063,15,8,north_central,north_central,18,15,0,2,1,1
9.818182,4.227926,16,5,north_central,north_central,16,15,0,2,1,1
5.094614,-0.4458845,14,11,west,north_central,14,20,0,3,0,1
16.82692,3.06812,15,12,west,north_central,13,18,0,2,1,1
23.48485,3.224427,14,11,south,north_central,13,18,0,2,1,1
7.367073,2.505338,13,8,south,north_central,13,12,0,2,1,1
26.92308,5.12265,15,7,north_central,north_central,12,17,0,4,1,1
11.21795,4.487939,15,5,north_central,north_central,12,17,0,4,0,1
10.57692,2.783283,11,10,north_central,north_central,14,16,0,1,1,1
18.65385,4.187583,16,5,north_central,north_central,17,14,0,1,1,1
11.1346,5.060088,15,7,north_central,north_central,12,16,0,4,1,1
7.522115,3.815756,15,8,north_central,north_central,12,12,0,0,1,1
31.5856,4.348052,19,8,north_central,north_central,14,16,0,3,1,1
18.02885,4.382019,16,5,west,north_central,15,16,0,3,1,1
6.811989,3.766876,15,11,north_central,north_central,12,12,1,1,1,1
13.27477,5.534364,15,6,north_central,north_central,12,12,1,1,1,1
18.18182,2.661043,17,6,north_central,north_central,16,16,0,1,1,1
4.663212,-1.78736,11,13,north_central,north_central,12,16,0,1,1,1
9.462759,2.493904,12,12,north_central,north_central,13,20,0,4,1,1
6.31579,1.127919,15,6,west,south,16,16,0,1,1,1
6.471581,2.1619,12,10,south,south,12,16,0,6,0,1
13.46154,3.899828,16,4,south,south,16,18,0,2,1,1
7.751938,0.5736873,12,12,south,south,12,11,0,4,1,1
17.14579,2.90544,14,8,south,south,12,10,0,2,1,1
21.63461,4.851764,17,5,south,south,14,11,0,2,1,1
24.18155,3.941546,15,9,south,south,16,17,0,2,1,1
7.551942,1.377228,12,9,south,south,12,8,0,0,1,1
5.338078,0.3095799,12,14,south,south,12,10,0,4,0,1
9.375,0.3953786,10,11,north_central,south,10,12,0,4,1,1
14.42308,2.374173,12,14,south,south,12,12,0,2,1,1
12.5,2.539531,15,5,south,south,16,12,0,3,1,1
11.30491,-0.1146868,12,9,south,south,16,16,0,1,1,1
7.352941,-0.1018016,9,13,south,south,11,4,1,4,1,1
10.5042,-3.476701,12,8,south,south,9,12,0,2,1,1
9.88764,3.696931,12,11,south,south,12,12,1,2,1,1
14.04715,0.1083706,12,8,south,south,12,12,0,5,1,1
15.67591,2.636867,12,12,south,south,14,14,0,3,1,1
17.30769,0.4948635,12,8,south,south,12,14,0,3,1,1
9.732824,-1.679274,9,16,south,south,9,10,0,7,1,1
4.807693,-3.084138,8,14,south,south,10,12,0,7,1,1
12.42236,2.448388,11,14,south,northeast,7,7,0,5,1,1
15.44692,2.50315,13,8,south,south,14,13,0,2,1,1
18.95735,4.187627,17,3,south,south,13,17,0,2,1,1
12.01923,3.955591,15,9,south,south,12,14,0,1,1,1
16.11635,4.017722,16,5,south,south,14,16,1,2,0,1
12.98701,4.360232,17,5,south,south,12,9,0,3,1,1
12.19512,1.413654,9,14,south,south,12,12,0,2,1,1
24.54874,3.676512,12,9,south,south,12,12,0,2,1,1
8.653846,4.090477,12,8,south,south,12,12,0,1,1,1
8.948545,2.028693,12,11,northeast,south,10,12,0,7,0,1
1.102362,-2.486755,8,14,northeast,south,10,12,0,7,1,1
9.852217,3.315797,16,11,south,south,12,12,0,1,0,1
14.7929,1.045063,15,8,south,south,12,12,0,2,1,1
31.49606,2.555026,13,14,south,south,15,14,0,1,1,1
4.901961,0.3863315,12,12,south,south,12,8,1,2,1,0
7.932693,1.310053,11,13,south,south,10,8,0,5,1,0
5.357143,-3.037923,12,11,south,south,12,7,1,4,1,1
10.09615,2.332951,12,9,south,south,11,8,0,0,0,1
8.653846,-1.710975,9,19,south,south,8,6,0,8,1,1
13.70192,3.669851,13,10,south,south,12,12,1,3,1,1
11.42857,1.438578,12,14,south,south,12,16,0,3,1,1
6.730769,2.444202,13,9,south,south,6,6,0,4,1,1
6.25,-3.162461,12,8,south,south,6,6,0,4,1,1
6.730769,-3.501814,9,12,south,south,11,12,1,3,1,1
7.692307,1.072689,9,13,south,south,11,10,0,1,1,1
10.71429,-2.674628,11,9,south,south,12,13,1,1,1,1
13.30882,-0.0131487,10,11,south,north_central,13,12,1,1,1,1
10.11463,-0.1021442,12,12,south,south,14,14,0,1,1,0
7.323107,0.4295396,12,9,south,south,12,12,0,0,1,1
20.04454,1.302239,15,8,south,south,16,14,1,1,1,1
8.037825,1.395311,12,13,south,south,12,12,0,1,1,1
14.90385,3.910789,15,8,south,south,12,13,0,5,1,1
12.65823,3.374548,20,5,west,south,19,6,1,3,1,1
3.937008,0.3987138,12,10,south,south,12,15,0,0,1,1
21.73913,-1.027223,10,16,west,west,12,7,0,3,1,1
10.46931,1.822416,12,11,south,south,10,16,0,2,0,1
13.66743,4.192024,13,13,south,south,14,12,0,3,1,1
7.596961,0.3478397,12,13,south,south,12,12,0,3,1,1
17.62712,2.607452,12,14,south,south,14,12,0,3,1,1
10.57269,0.9850828,12,10,north_central,north_central,12,12,0,5,1,1
12.7,3.135793,13,10,south,south,16,14,0,2,1,1
14.22925,1.640435,13,10,west,south,9,11,0,6,1,1
14.42308,2.310802,14,9,north_central,south,15,15,1,2,1,1
3.004808,1.896086,8,18,south,south,12,10,0,0,1,1
3.793627,3.432107,13,14,south,south,12,15,0,4,1,1
13.63636,-0.5287266,6,19,south,north_central,10,12,0,1,1,1
7.692307,-1.521156,8,14,south,south,6,5,1,6,0,1
12.82051,2.467138,12,13,south,south,12,12,1,6,1,1
13.84615,1.204311,14,7,south,south,9,12,1,3,1,1
24.47552,3.388738,15,6,south,south,12,15,0,2,1,1
12.63538,1.140856,12,12,south,south,12,18,0,4,1,1
16.88488,4.257565,15,7,south,south,12,12,1,5,1,1
14.90385,2.204875,15,6,south,south,12,12,1,3,1,1
19.14894,4.384425,14,9,west,south,12,16,0,1,1,1
3.214286,4.081058,12,8,west,west,12,12,1,4,1,1
14.42308,2.427064,10,16,west,west,12,12,0,2,1,1
11.25,-2.691107,14,9,west,west,12,11,0,1,1,1
7.09707,2.645752,15,9,west,west,14,11,0,6,1,1
4.676259,0.9909132,11,11,west,west,12,10,1,6,1,1
11.39423,-0.8327028,11,14,west,west,11,11,0,2,1,1
3.674312,-5.468668,12,14,west,west,12,10,0,1,1,1
6.979866,1.922901,12,10,west,west,16,16,0,2,1,1
13.40782,2.7422,11,9,west,west,13,12,1,1,1,1
5.3125,-2.80877,8,12,north_central,north_central,14,12,1,4,1,1
22.05882,2.878214,12,14,north_central,north_central,17,12,0,1,0,1
18.13099,3.581741,15,12,west,west,12,12,0,3,1,1
19.23077,3.321259,15,13,south,north_central,10,8,0,3,1,1
5.274725,4.073553,12,12,north_central,west,8,7,1,3,0,1
21.84874,-1.929841,12,13,west,west,12,15,0,4,1,1
11.85897,2.850706,13,14,west,west,12,20,1,9,1,1
7.073386,4.871014,17,5,west,west,16,12,0,3,1,1
10.0,2.799255,12,11,west,west,16,17,0,3,1,1
67.30769,2.379045,12,15,west,west,12,12,0,3,1,1
19.28471,-0.1549712,11,16,west,west,12,12,0,6,1,0
12.50558,3.337371,16,7,west,west,16,16,0,3,1,1
15.68627,1.711854,15,7,west,west,12,12,0,3,1,1
24.03846,4.193917,15,11,west,west,16,0,0,0,1,1
24.54545,2.312864,11,9,west,west,13,9,0,1,1,1
4.411765,1.768624,12,14,west,west,16,16,1,3,0,1
17.30769,0.0125134,12,12,west,west,14,12,1,2,1,1
15.04011,-2.460068,14,14,west,west,12,16,0,4,1,1
6.730769,-1.376388,10,12,west,west,16,14,0,2,1,1
14.13428,1.177322,12,10,west,west,12,12,1,1,1,1
17.00368,2.786624,13,13,west,west,12,16,0,2,1,1
16.36661,3.160087,19,2,west,west,12,12,1,1,1,1
4.194261,-0.6696897,10,14,north_central,north_central,9,14,1,4,1,1
12.0,1.581274,12,9,west,west,9,13,1,4,1,1
5.494505,-0.9046763,13,9,west,west,7,13,0,2,1,1
5.128205,0.5165263,7,13,west,west,7,13,0,2,1,1
5.604395,-3.978225,10,13,west,west,12,16,0,4,1,1
14.95726,1.196812,16,11,west,west,16,18,0,3,1,1
9.230769,4.486663,13,8,west,west,13,20,0,0,1,1
12.7924,3.445815,13,13,west,west,15,16,0,0,1,1
8.173077,3.464914,14,6,west,west,16,12,0,3,1,1
9.659091,1.581062,15,9,west,west,12,12,0,2,1,1
12.01923,1.633289,12,10,west,west,12,12,1,4,1,1
2.112676,1.550938,12,15,west,west,15,16,1,5,1,1
18.25726,3.716156,16,8,west,west,15,18,0,1,1,1
11.05769,4.888575,14,12,west,west,10,8,0,1,1,1
9.289618,-0.8531879,16,7,west,west,12,12,1,1,1,1
23.07692,1.272874,11,17,west,west,12,12,0,4,1,1
13.04348,0.6504448,12,12,west,west,12,12,0,5,1,1
16.00753,3.751329,15,6,west,west,12,8,0,2,1,1
11.74497,3.991864,15,11,west,west,12,7,0,3,1,0
5.263158,2.828778,14,7,west,west,12,12,0,1,1,1
17.78846,1.821223,12,11,west,west,10,12,0,0,1,1
15.31729,3.836093,12,11,west,west,12,12,1,3,1,1
12.46494,3.077042,12,12,west,west,12,11,1,10,1,1
8.704062,0.4711927,13,12,west,west,12,13,0,2,0,1
10.57692,-0.2440587,12,12,west,west,12,12,0,2,1,1
23.07692,2.124245,12,9,west,west,9,11,0,1,1,1
10.13513,3.835923,12,11,west,west,12,12,0,3,1,1
13.61039,2.961006,9,11,west,west,8,13,0,10,1,1
8.050315,3.928393,12,8,west,west,13,8,0,2,1,1
9.927798,1.509227,12,11,west,west,13,12,0,2,1,1
12.5,-0.9957402,12,16,west,west,12,12,0,3,1,1
9.708738,4.300509,15,11,north_central,north_central,15,20,0,2,1,1
17.30769,2.157118,15,11,west,north_central,14,16,0,3,1,1
25.06266,4.742486,19,5,south,west,12,10,1,2,1,0
6.618134,3.739086,11,12,west,west,12,12,1,2,1,1
1.470588,-4.354986,9,11,west,west,10,10,1,5,1,1
16.77852,2.415897,12,11,west,west,8,8,1,3,1,1
10.89744,-0.2794351,12,8,west,west,12,10,0,1,1,1
19.46903,1.315839,12,10,west,west,13,15,0,1,1,1
17.56866,0.7770594,12,13,west,west,12,12,0,3,1,1
8.183306,0.5144786,14,10,south,west,12,16,0,0,1,1
9.11271,1.145589,12,12,west,west,11,10,1,8,1,1
18.19889,4.489942,15,9,northeast,northeast,12,16,0,1,1,1
13.42593,2.807076,13,10,northeast,northeast,16,20,0,4,1,1
6.641366,1.912947,16,7,northeast,northeast,8,8,0,2,1,1
18.79699,2.236904,15,9,northeast,northeast,12,12,0,2,1,1
7.895878,-0.9496197,14,6,northeast,northeast,12,16,0,2,1,1
9.983361,-5.344852,12,15,northeast,northeast,10,9,0,4,1,1
13.46154,4.740629,12,11,northeast,northeast,12,12,0,2,1,1
12.36264,2.692653,12,12,south,northeast,12,12,0,1,1,1
17.30769,2.485309,13,9,south,northeast,12,16,0,1,1,1
24.54545,3.818376,16,9,south,northeast,16,16,0,1,1,1
29.4861,0.3750928,15,7,northeast,northeast,12,16,0,1,1,1
11.40512,2.610919,15,6,northeast,northeast,14,12,0,1,1,1
19.60089,2.916632,14,10,south,northeast,13,14,0,3,1,1
21.54858,2.81164,12,13,northeast,northeast,12,16,0,2,1,1
24.10714,3.94481,13,8,northeast,northeast,10,15,0,2,1,1
20.03205,1.862335,13,12,northeast,northeast,11,16,0,2,1,1
20.67308,3.749703,12,8,north_central,north_central,12,14,0,2,1,1
10.36036,4.144054,15,11,northeast,northeast,12,12,0,1,1,0
10.34173,-2.154901,12,13,northeast,northeast,12,12,0,2,1,0
26.08696,0.4647643,12,13,north_central,north_central,12,11,1,3,0,1
18.26923,1.675981,12,16,north_central,north_central,12,9,0,5,0,1
18.80878,3.798855,20,7,northeast,north_central,10,10,0,3,1,1
5.692307,1.112777,12,12,north_central,north_central,12,12,0,1,0,1
2.98103,1.485905,13,13,north_central,north_central,10,10,0,3,0,1
7.719298,-1.464006,11,14,north_central,north_central,12,10,0,5,1,1
3.311258,-0.7991784,12,10,north_central,north_central,12,10,0,5,0,1
6.342105,-1.611459,9,12,north_central,north_central,10,12,1,1,0,1
9.868421,1.383306,12,8,north_central,north_central,12,12,0,0,0,1
10.09615,-0.8142194,12,11,north_central,north_central,8,8,0,5,0,1
8.333333,-1.4088,10,14,north_central,north_central,10,10,0,2,0,0
12.2093,2.67804,12,9,north_central,north_central,11,8,1,6,0,1
10.77586,1.779292,12,10,north_central,north_central,12,12,0,3,0,1
11.53846,0.4192285,12,14,north_central,north_central,12,12,0,0,0,1
8.318264,0.7590529,11,13,north_central,north_central,12,12,0,3,1,1
7.249879,2.193079,12,9,north_central,north_central,12,12,0,3,1,1
13.08411,4.495556,16,10,north_central,north_central,12,12,0,2,1,1
9.406355,2.355805,12,9,north_central,south,12,10,0,3,0,1
19.46247,0.8800041,12,16,north_central,north_central,12,12,0,2,0,0
7.5,-1.91321,7,15,north_central,north_central,9,9,1,8,0,1
6.030702,-1.416236,12,10,north_central,north_central,10,8,0,4,1,1
2.613396,-3.315904,10,10,north_central,north_central,6,4,0,1,1,1
3.265306,-3.304939,9,17,north_central,north_central,12,7,0,11,1,0
10.55313,0.2190547,12,13,north_central,north_central,12,12,0,4,1,1
15.16503,1.548668,12,10,north_central,north_central,12,12,0,4,1,1
11.53846,-0.7434423,12,16,north_central,north_central,12,12,0,6,1,0
13.49765,3.8426,15,6,south,north_central,12,12,0,3,1,1
8.124577,3.155222,13,10,north_central,north_central,12,8,0,1,1,1
10.81731,1.612612,12,13,north_central,north_central,12,8,0,1,1,0
10.70654,4.004174,12,12,north_central,north_central,8,11,0,7,1,1
17.55137,4.178867,15,6,north_central,north_central,8,8,1,6,1,1
6.666667,2.042126,12,13,north_central,north_central,12,12,0,4,1,0
11.85567,2.822931,12,11,south,north_central,12,8,0,3,1,1
12.53482,3.536733,14,9,north_central,north_central,13,17,0,4,0,1
15.67091,4.40874,16,6,north_central,north_central,13,18,0,4,1,1
24.03846,4.072744,15,5,north_central,north_central,13,16,0,4,1,1
7.532957,3.820945,16,4,north_central,north_central,13,16,0,4,1,1
15.38461,4.59978,13,11,north_central,north_central,9,12,0,2,1,1
5.952381,-0.5217562,10,17,north_central,north_central,12,12,0,8,0,1
5.39643,3.575404,15,7,north_central,north_central,12,10,1,2,1,1
4.955401,-1.420693,12,8,north_central,north_central,12,10,0,3,1,1
30.43478,3.535239,13,9,north_central,north_central,12,12,0,1,1,1
22.59615,3.464338,12,13,south,north_central,12,12,0,1,1,1
7.932693,4.301142,12,13,north_central,north_central,12,12,1,8,1,0
2.777778,-0.3636501,12,9,north_central,north_central,12,12,1,3,1,1
19.71154,2.575331,14,13,north_central,north_central,12,13,1,4,1,1
7.826476,3.558666,16,11,west,north_central,14,16,0,2,1,1
1.373626,2.33109,12,15,north_central,north_central,11,14,0,0,1,1
15.95298,3.758473,14,13,north_central,north_central,12,14,0,3,0,1
6.666667,2.126227,12,15,south,north_central,12,12,0,6,1,1
10.33654,3.412496,12,14,north_central,north_central,12,11,1,3,1,1
11.53846,2.518573,12,12,north_central,north_central,13,13,0,5,1,1
19.44444,2.613466,14,13,north_central,north_central,12,16,0,1,1,1
13.0814,2.676647,15,9,north_central,north_central,12,16,1,5,0,1
11.46789,4.003321,15,8,north_central,north_central,12,12,0,3,0,1
17.04545,3.704704,15,6,north_central,north_central,12,14,0,2,1,1
19.23077,4.402173,15,11,north_central,north_central,12,14,0,5,1,1
18.11594,3.982798,15,8,north_central,north_central,12,13,0,5,1,1
5.407841,1.820097,12,16,south,south,12,7,0,2,0,0
8.75,-0.8225082,11,14,south,south,12,8,0,2,0,0
6.397059,0.052556,11,15,south,south,8,12,0,1,0,1
7.932693,-0.073386,12,14,south,south,10,9,0,6,0,0
8.653846,-1.633871,12,13,south,south,10,12,1,2,0,0
10.57692,-4.686911,8,16,south,south,11,12,1,2,0,0
23.69668,4.412495,17,8,south,south,16,12,0,1,1,1
10.61776,2.24069,12,15,south,south,12,12,0,4,0,1
7.172996,1.458975,12,15,south,south,12,12,0,3,0,0
8.741259,2.545235,16,11,south,south,12,10,0,0,0,0
3.289474,-3.502898,8,17,south,south,7,8,0,3,0,0
10.39861,2.338381,15,12,south,south,14,14,0,5,1,1
11.95219,1.247759,12,12,south,south,13,13,0,5,1,1
8.516483,-0.4826713,10,17,south,south,12,9,1,1,0,1
14.89758,3.126031,12,10,south,south,12,12,0,1,1,1
32.5,-2.020429,8,16,south,south,12,6,1,3,1,1
3.956835,-1.096032,8,13,south,south,8,8,0,9,1,1
6.703911,-1.887539,10,11,south,south,12,11,0,2,1,1
12.75964,-1.03477,12,15,south,south,12,9,0,1,1,1
8.633094,2.349116,15,10,south,south,13,14,0,2,1,1
12.5,4.280972,16,6,south,south,16,20,0,2,1,1
13.82488,2.869939,15,9,south,south,19,20,0,2,1,1
7.571661,5.356942,19,2,south,south,16,16,0,3,1,1
10.36896,-0.0116056,12,14,south,south,12,12,0,5,1,0
9.982639,4.591968,19,1,south,south,16,19,0,1,1,1
23.35165,4.564392,13,12,south,south,16,17,0,0,1,1
19.23077,4.591698,15,12,west,south,19,20,1,2,1,1
8.0,5.043733,16,8,south,south,19,20,1,2,1,1
7.409603,3.058638,13,9,south,south,12,14,0,3,1,1
7.984032,1.021922,12,15,south,south,18,14,1,4,1,1
26.006710000000002,5.508494,15,8,south,south,14,16,0,1,1,1
7.453416,1.879238,15,10,south,south,12,16,0,1,1,1
18.26923,3.641966,12,12,south,south,12,12,0,1,0,1
16.82692,3.419458,12,11,south,south,12,12,0,1,1,1
13.01587,2.561768,13,12,south,south,11,11,0,3,1,1
13.38432,1.405988,12,11,south,south,9,7,0,4,1,1
23.504270000000002,2.028578,15,7,south,south,12,14,0,2,1,1
5.0,-3.407376,6,15,south,south,10,8,0,5,1,1
11.89591,2.559702,16,5,south,south,12,12,0,2,1,1
4.146471,-1.550604,13,13,south,south,12,12,1,2,1,1
8.713943,2.22961,12,11,south,south,12,12,0,1,1,1
32.69231,1.687836,12,11,west,south,16,16,1,1,1,1
10.87506,-0.7271058,12,9,south,south,12,11,0,6,1,1
8.747813,1.117791,12,12,north_central,west,16,16,0,1,0,0
4.449388,1.531825,10,15,west,west,10,8,1,4,1,1
1.073345,2.898253,11,14,west,west,12,10,1,2,0,0
14.42308,1.962033,11,14,west,west,12,12,0,5,1,1
22.58348,0.7746909,12,12,west,west,11,8,0,3,1,1
9.688581,4.047453,20,7,west,west,14,16,0,2,1,0
10.20096,2.382838,13,13,west,west,13,6,1,2,1,0
10.41667,-2.904401,10,14,south,west,11,12,1,7,1,0
6.25,0.5008227,12,14,west,west,12,12,0,6,1,0
6.483431,2.006788,13,11,west,west,14,14,0,1,1,1
8.680555,4.000892,12,14,west,west,12,12,0,1,1,1
14.55923,3.25943,16,10,west,west,12,12,1,3,0,1
9.753366,0.7091895,12,16,west,west,12,12,0,6,0,0
14.1129,1.278031,14,13,west,west,16,14,0,2,1,0
7.211538,0.6235762,12,12,west,west,18,20,0,3,0,1
6.410256,-1.384838,12,15,west,west,8,10,1,5,0,1
7.075472,0.3142612,14,13,west,west,12,11,0,2,0,1
8.3499,-1.273617,12,13,west,west,12,13,0,3,0,0
7.407407,-0.5779971,9,19,north_central,north_central,8,8,0,13,0,0
10.0,-1.527164,9,15,north_central,north_central,7,7,0,5,0,1
9.104327,1.422159,12,11,north_central,north_central,13,13,0,4,1,1
10.0,-1.666515,12,10,north_central,north_central,12,14,0,3,0,1
8.862164,-1.23938,12,13,north_central,north_central,10,6,0,6,1,0
2.0,3.196058,12,15,north_central,north_central,12,11,0,4,0,0
11.05769,0.7641008,12,15,north_central,north_central,12,12,0,5,1,0
4.931507,-2.272773,10,14,north_central,north_central,12,9,1,5,1,0
8.011445,0.0386259,12,11,west,west,12,12,0,4,1,1
21.14165,2.691122,15,9,north_central,north_central,19,16,0,2,0,0
7.924528,2.69284,12,13,north_central,north_central,12,12,0,3,0,0
7.373516,0.9294347,12,14,north_central,north_central,12,14,0,3,0,1
14.13428,2.900256,16,8,north_central,north_central,13,16,0,1,1,1
14.95726,3.508728,15,10,north_central,north_central,12,15,0,3,0,1
6.25,-2.498188,13,11,north_central,north_central,12,12,0,3,1,0
15.5521,2.268298,15,10,north_central,north_central,12,12,0,3,1,1
5.565069,2.422206,12,15,north_central,north_central,12,12,0,3,0,1
15.86539,2.750242,10,14,west,north_central,11,12,0,3,1,1
10.86484,3.925961,15,9,north_central,north_central,10,12,0,4,1,1
15.46961,1.078086,12,13,north_central,north_central,12,12,0,3,1,0
7.554945,-3.677466,12,12,north_central,north_central,11,9,0,4,0,1
8.119658,2.586284,12,11,north_central,north_central,9,9,0,3,1,1
10.20408,2.886608,14,13,north_central,north_central,12,8,0,8,0,0
5.7692310000000004,3.27686,12,12,north_central,north_central,12,12,0,3,0,0
13.57466,-1.603229,12,14,north_central,north_central,12,18,0,6,1,1
1.442308,0.1958202,12,13,north_central,north_central,12,12,0,5,0,0
6.438312,1.699407,15,11,north_central,north_central,12,12,0,5,0,0
7.403751,3.935532,12,11,south,north_central,15,14,0,5,1,1
18.98254,3.455326,12,10,north_central,north_central,15,14,0,5,1,1
12.78226,4.493084,17,6,north_central,north_central,12,12,0,3,0,1
5.766767,3.02982,15,10,north_central,north_central,8,8,0,3,1,0
15.38461,4.226342,15,10,west,north_central,14,16,0,4,1,0
1.56189,-2.226674,9,16,south,south,7,4,0,3,0,0
3.348214,1.45212,12,13,south,south,12,5,0,2,0,0
17.24138,-1.07996,12,13,south,south,12,12,0,3,0,0
17.67399,4.737316,15,10,south,south,12,4,0,5,0,0
6.393478,4.0395,12,12,south,south,12,6,0,2,0,1
3.71134,-4.729329,9,16,south,south,8,8,0,1,0,1
8.89047,-1.834836,10,14,south,south,7,7,0,4,0,1
17.30769,2.49136,12,15,south,south,8,8,0,11,0,1
6.490385,-0.3391291,12,16,south,south,12,6,0,2,0,0
7.490385,0.7600724,10,15,south,south,9,6,0,3,0,0
9.045226,-3.512123,9,11,south,south,6,11,0,3,1,1
7.172996,1.123336,12,15,south,south,11,8,0,5,0,0
9.508348,3.212066,12,15,south,south,12,12,0,3,0,0
3.376623,-2.836602,9,19,south,south,12,12,0,4,0,0
6.175468,3.463512,15,10,south,south,12,16,0,1,1,0
15.10297,1.992367,15,11,south,south,14,14,0,1,1,1
6.410256,-5.631463,9,16,south,south,9,10,0,3,0,0
11.36364,-0.8272809,12,9,south,south,11,7,0,4,1,1
3.250444,-4.106273,12,11,south,south,9,8,0,1,1,1
11.04972,3.039799,11,11,south,south,11,12,0,3,1,1
13.38384,2.460048,13,15,south,south,12,12,1,1,1,1
35.04673,4.039466,16,11,south,south,16,17,0,2,1,1
13.65894,3.162175,12,13,south,south,12,12,0,2,1,0
13.92857,2.00168,15,13,south,south,12,12,0,2,1,1
18.26087,2.550126,15,11,south,south,12,14,0,2,1,0
68.26242,4.962725,19,8,south,south,12,11,1,0,1,1
22.81947,2.401086,12,15,west,west,15,18,0,1,1,1
4.780877,2.168941,12,11,west,west,12,12,0,3,1,1
12.47772,1.579639,12,8,west,west,12,11,0,1,1,1
17.6,2.359974,13,14,west,west,14,16,0,1,1,1
8.173077,-0.4686214,13,12,west,west,14,12,0,1,1,1
5.641026,0.6311796,11,15,south,south,9,6,1,2,1,0
12.5,1.132233,12,15,west,west,10,8,0,6,1,1
23.55769,4.565613,13,13,west,west,14,13,0,2,1,1
9.615385,4.063714,12,12,west,west,12,6,0,1,1,1
12.36749,2.511188,13,12,west,north_central,12,10,0,4,1,1
8.653846,2.374377,12,9,west,west,12,12,1,3,1,1
13.83929,0.5059271,12,12,west,west,12,12,0,2,1,0
13.08901,0.5843809,11,15,northeast,northeast,11,10,0,3,1,1
18.80878,-3.040288,9,11,northeast,northeast,0,0,0,2,1,1
15.38461,1.69931,12,9,northeast,northeast,10,12,0,3,1,1
13.94231,-1.476158,12,11,northeast,northeast,16,16,0,1,1,1
21.59827,1.879479,16,7,northeast,northeast,14,16,0,5,1,1
3.811339,0.1515905,12,10,south,northeast,12,8,0,2,0,1
15.77909,2.942387,15,5,south,south,12,8,0,2,1,1
6.730769,2.796945,15,6,north_central,north_central,12,12,0,1,1,1
18.14346,1.249611,15,8,west,north_central,14,18,0,3,1,1
12.73585,0.8233382,12,9,north_central,north_central,12,17,0,3,1,1
18.62745,2.44605,12,14,south,south,17,18,0,3,1,1
7.211538,3.327208,12,9,west,west,12,12,0,2,1,1
4.901961,1.897794,12,9,west,west,12,13,0,2,0,1
5.94359,3.781839,12,13,west,west,12,11,0,0,1,1
10.71429,0.6396255,12,11,west,west,14,14,0,2,1,1
18.50649,4.378042,12,13,north_central,north_central,12,12,0,6,0,0
17.06161,2.268254,12,10,northeast,northeast,16,17,0,3,1,1
8.561644,3.161783,15,6,northeast,northeast,14,20,0,1,1,1
8.658009,3.987709,17,9,north_central,northeast,14,16,0,1,0,1
12.19512,1.549068,12,15,northeast,northeast,12,11,0,1,1,1
17.5,3.012416,17,10,south,northeast,16,18,0,2,1,1
11.37358,5.21301,13,9,northeast,northeast,12,13,0,5,0,1
7.211538,2.012532,15,9,northeast,northeast,12,12,1,1,1,1
9.580492,1.140208,11,14,north_central,north_central,9,1,1,7,1,1
4.882813,-4.337047,12,12,north_central,north_central,12,12,0,0,1,0
18.26648,3.933472,14,10,north_central,south,12,14,0,0,1,1
21.0,2.07147,16,11,north_central,north_central,12,12,1,1,0,1
10.77574,3.124117,12,10,north_central,north_central,12,14,0,2,1,1
8.426967,2.712826,14,6,north_central,north_central,11,13,1,1,1,1
9.134615,0.9071656,12,10,south,south,11,11,0,3,1,1
5.02092,-4.051169,8,14,south,south,9,8,1,4,1,1
7.307693,0.1407749,16,7,south,south,12,12,0,1,0,1
11.33764,3.751637,20,8,south,south,16,18,0,1,1,1
10.44277,1.921646,12,14,south,south,12,9,0,0,1,1
17.78846,3.506032,16,9,west,west,12,12,0,2,1,1
22.4359,3.435243,20,5,west,west,16,19,0,1,1,1
8.490566,1.805918,10,12,west,west,12,12,0,2,1,1
10.18868,1.472446,17,8,south,west,20,20,1,2,1,1
5.364807,2.944552,15,5,west,west,20,20,1,2,1,1
6.726458,3.715002,12,16,south,northeast,12,16,0,2,1,0
3.301321,2.630618,12,9,northeast,northeast,12,12,0,1,1,1
41.47466,4.269861,15,7,northeast,northeast,12,12,0,3,1,1
10.40737,2.951186,15,11,northeast,northeast,16,16,0,2,1,1
8.349802,1.530126,11,14,north_central,north_central,11,10,0,3,1,1
4.656578,1.757988,12,15,west,north_central,12,8,0,5,0,1
11.87215,2.02151,16,4,north_central,north_central,13,14,0,3,1,1
9.615385,1.726616,12,9,north_central,north_central,12,11,0,5,1,1
7.735584,2.803173,12,9,south,south,12,12,0,2,1,1
91.30922,4.164562,19,6,west,west,13,14,0,3,1,0
12.98077,0.8931147,16,11,south,south,14,16,0,5,1,0
12.5,-0.6330607,8,19,south,north_central,6,10,1,9,1,1
3.628118,1.230928,11,10,south,south,8,9,0,5,1,1
