id,name_full
BNA,Boston Red Stockings
CNA,Chicago White Stockings
CFC,Cleveland Forest Citys
KEK,Fort Wayne Kekiongas
NNA,New York Mutuals
PNA,Philadelphia Athletics
ROK,Rockford Forest Citys
TRO,Troy Haymakers
OLY,Washington Olympics
BLC,Baltimore Canaries
ECK,Brooklyn Eckfords
BRA,Brooklyn Atlantics
BNA,Boston Red Stockings
CFC,Cleveland Forest Citys
MAN,Middletown Mansfields
NNA,New York Mutuals
PNA,Philadelphia Athletics
TRO,Troy Haymakers
OLY,Washington Olympics
NAT,Washington Nationals
BLC,Baltimore Canaries
MAR,Baltimore Marylands
BRA,Brooklyn Atlantics
BNA,Boston Red Stockings
RES,Elizabeth Resolutes
NNA,New York Mutuals
PNA,Philadelphia Athletics
PWS,Philadelphia Whites
WBL,Washington Blue Legs
BLC,Baltimore Canaries
BRA,Brooklyn Atlantics
BNA,Boston Red Stockings
CNA,Chicago White Stockings
HNA,Hartford Dark Blues
NNA,New York Mutuals
PNA,Philadelphia Athletics
PWS,Philadelphia Whites
BRA,Brooklyn Atlantics
BNA,Boston Red Stockings
CNA,Chicago White Stockings
HNA,Hartford Dark Blues
WES,Keokuk Westerns
NHV,New Haven Elm Citys
NNA,New York Mutuals
PNA,Philadelphia Athletics
PWS,Philadelphia Whites
CEN,Philadelphia Centennials
SLR,St. Louis Red Stockings
SNA,St. Louis Brown Stockings
WNT,Washington Nationals
ATL,Boston Red Caps
CHC,Chicago White Stockings
CNR,Cincinnati Reds
HAR,Hartford Dark Blues
LGR,Louisville Grays
NYU,New York Mutuals
ATH,Philadelphia Athletics
SBS,St. Louis Brown Stockings
ATL,Boston Red Caps
CHC,Chicago White Stockings
CNR,Cincinnati Reds
HAR,Hartford Dark Blues
LGR,Louisville Grays
SBS,St. Louis Brown Stockings
ATL,Boston Red Caps
CHC,Chicago White Stockings
CNR,Cincinnati Reds
IBL,Indianapolis Blues
MLG,Milwaukee Grays
PRO,Providence Grays
BUF,Buffalo Bisons
ATL,Boston Red Caps
CHC,Chicago White Stockings
CBL,Cleveland Blues
CNR,Cincinnati Reds
PRO,Providence Grays
SYR,Syracuse Stars
TRT,Troy Trojans
BUF,Buffalo Bisons
ATL,Boston Red Caps
CHC,Chicago White Stockings
CBL,Cleveland Blues
CNR,Cincinnati Reds
PRO,Providence Grays
TRT,Troy Trojans
WOR,Worcester Ruby Legs
BUF,Buffalo Bisons
ATL,Boston Red Caps
CHC,Chicago White Stockings
CBL,Cleveland Blues
DTN,Detroit Wolverines
PRO,Providence Grays
TRT,Troy Trojans
WOR,Worcester Ruby Legs
BUF,Buffalo Bisons
BLO,Baltimore Orioles
ATL,Boston Red Caps
CHC,Chicago White Stockings
CBL,Cleveland Blues
CIN,Cincinnati Red Stockings
DTN,Detroit Wolverines
LOU,Louisville Eclipse
PHA,Philadelphia Athletics
PRO,Providence Grays
PIT,Pittsburg Alleghenys
STL,St. Louis Brown Stockings
TRT,Troy Trojans
WOR,Worcester Ruby Legs
BUF,Buffalo Bisons
BLO,Baltimore Orioles
ATL,Boston Beaneaters
CHC,Chicago White Stockings
CBL,Cleveland Blues
CBK,Columbus Buckeyes
CIN,Cincinnati Red Stockings
DTN,Detroit Wolverines
LOU,Louisville Eclipse
SFG,New York Gothams
NYP,New York Metropolitans
PHA,Philadelphia Athletics
PHI,Philadelphia Quakers
PRO,Providence Grays
PIT,Pittsburg Alleghenys
STL,St. Louis Browns
ALT,Altoona Mountain City
BUF,Buffalo Bisons
BLO,Baltimore Orioles
BLU,Baltimore Monumentals
LAD,Brooklyn Atlantics
ATL,Boston Beaneaters
BRD,Boston Reds
CHC,Chicago White Stockings
CPI,Chicago/Pittsburgh (Union League)
CBL,Cleveland Blues
CBK,Columbus Buckeyes
CIN,Cincinnati Red Stockings
COR,Cincinnati Outlaw Reds
DTN,Detroit Wolverines
IHO,Indianapolis Hoosiers
KCU,Kansas City Cowboys
LOU,Louisville Eclipse
MLU,Milwaukee Brewers
SFG,New York Gothams
NYP,New York Metropolitans
PHA,Philadelphia Athletics
PHI,Philadelphia Quakers
PHK,Philadelphia Keystones
PRO,Providence Grays
PIT,Pittsburg Alleghenys
RIC,Richmond Virginians
STL,St. Louis Browns
SLM,St. Louis Maroons
STP,St. Paul White Caps
TOL,Toledo Blue Stockings
WIL,Wilmington Quicksteps
WST,Washington Nationals
WNA,Washington Nationals
BUF,Buffalo Bisons
BLO,Baltimore Orioles
LAD,Brooklyn Grays
ATL,Boston Beaneaters
CHC,Chicago White Stockings
CIN,Cincinnati Red Stockings
DTN,Detroit Wolverines
LOU,Louisville Colonels
SFG,New York Giants
NYP,New York Metropolitans
PHA,Philadelphia Athletics
PHI,Philadelphia Quakers
PRO,Providence Grays
PIT,Pittsburg Alleghenys
STL,St. Louis Browns
SLM,St. Louis Maroons
BLO,Baltimore Orioles
LAD,Brooklyn Grays
ATL,Boston Beaneaters
CHC,Chicago White Stockings
CIN,Cincinnati Red Stockings
DTN,Detroit Wolverines
KCN,Kansas City Cowboys
LOU,Louisville Colonels
SFG,New York Giants
NYP,New York Metropolitans
PHA,Philadelphia Athletics
PHI,Philadelphia Quakers
PIT,Pittsburg Alleghenys
STL,St. Louis Browns
SLM,St. Louis Maroons
WNL,Washington Nationals
BLO,Baltimore Orioles
LAD,Brooklyn Grays
ATL,Boston Beaneaters
CHC,Chicago White Stockings
CLV,Cleveland Blues
CIN,Cincinnati Red Stockings
DTN,Detroit Wolverines
IND,Indianapolis Hoosiers
LOU,Louisville Colonels
SFG,New York Giants
NYP,New York Metropolitans
PHA,Philadelphia Athletics
PHI,Philadelphia Quakers
PIT,Pittsburg Alleghenys
STL,St. Louis Browns
WNL,Washington Nationals
BLO,Baltimore Orioles
LAD,Brooklyn Bridegrooms
ATL,Boston Beaneaters
CHC,Chicago White Stockings
CLV,Cleveland Blues
CIN,Cincinnati Red Stockings
DTN,Detroit Wolverines
IND,Indianapolis Hoosiers
KCC,Kansas City Cowboys
LOU,Louisville Colonels
SFG,New York Giants
PHA,Philadelphia Athletics
PHI,Philadelphia Quakers
PIT,Pittsburg Alleghenys
STL,St. Louis Browns
WNL,Washington Nationals
BLO,Baltimore Orioles
LAD,Brooklyn Bridegrooms
ATL,Boston Beaneaters
CHC,Chicago White Stockings
CLV,Cleveland Spiders
CLS,Columbus Solons
CIN,Cincinnati Red Stockings
IND,Indianapolis Hoosiers
KCC,Kansas City Cowboys
LOU,Louisville Colonels
SFG,New York Giants
PHA,Philadelphia Athletics
PHI,Philadelphia Quakers
PIT,Pittsburg Alleghenys
STL,St. Louis Browns
WNL,Washington Nationals
BFB,Buffalo Bisons
BLO,Baltimore Orioles
BRG,Brooklyn Gladiators
LAD,Brooklyn Bridegrooms
BWW,Brooklyn Ward's Wonders
ATL,Boston Beaneaters
BRS,Boston Reds
CHC,Chicago Colts
CHP,Chicago Pirates
CIN,Cincinnati Reds
CLV,Cleveland Spiders
CLS,Columbus Solons
CLI,Cleveland Infants
LOU,Louisville Colonels
SFG,New York Giants
NYI,New York Giants
PHA,Philadelphia Athletics
PHI,Philadelphia Phillies
PHQ,Philadelphia Athletics
PIT,Pittsburg Alleghenys
PBB,Pittsburgh Burghers
ROC,Rochester Broncos
STL,St. Louis Browns
SYS,Syracuse Stars
TLM,Toledo Maumees
BLO,Baltimore Orioles
LAD,Brooklyn Grooms
BRS,Boston Reds
ATL,Boston Beaneaters
CHC,Chicago Colts
CIN,Cincinnati Reds
CLV,Cleveland Spiders
CLS,Columbus Solons
CKK,Cincinnati Kelly's Killers
LOU,Louisville Colonels
MLA,Milwaukee Brewers
SFG,New York Giants
PHQ,Philadelphia Athletics
PHI,Philadelphia Phillies
PIT,Pittsburgh Pirates
STL,St. Louis Browns
WAS,Washington Statesmen
BLO,Baltimore Orioles
LAD,Brooklyn Grooms
ATL,Boston Beaneaters
CHC,Chicago Colts
CIN,Cincinnati Reds
CLV,Cleveland Spiders
LOU,Louisville Colonels
SFG,New York Giants
PHI,Philadelphia Phillies
PIT,Pittsburgh Pirates
STL,St. Louis Browns
WAS,Washington Senators
BLO,Baltimore Orioles
LAD,Brooklyn Grooms
ATL,Boston Beaneaters
CHC,Chicago Colts
CIN,Cincinnati Reds
CLV,Cleveland Spiders
LOU,Louisville Colonels
SFG,New York Giants
PHI,Philadelphia Phillies
PIT,Pittsburgh Pirates
STL,St. Louis Browns
WAS,Washington Senators
BLO,Baltimore Orioles
LAD,Brooklyn Grooms
ATL,Boston Beaneaters
CHC,Chicago Colts
CIN,Cincinnati Reds
CLV,Cleveland Spiders
LOU,Louisville Colonels
SFG,New York Giants
PHI,Philadelphia Phillies
PIT,Pittsburgh Pirates
STL,St. Louis Browns
WAS,Washington Senators
BLO,Baltimore Orioles
LAD,Brooklyn Grooms
ATL,Boston Beaneaters
CHC,Chicago Colts
CIN,Cincinnati Reds
CLV,Cleveland Spiders
LOU,Louisville Colonels
SFG,New York Giants
PHI,Philadelphia Phillies
PIT,Pittsburgh Pirates
STL,St. Louis Browns
WAS,Washington Senators
BLO,Baltimore Orioles
LAD,Brooklyn Bridegrooms
ATL,Boston Beaneaters
CHC,Chicago Colts
CIN,Cincinnati Reds
CLV,Cleveland Spiders
LOU,Louisville Colonels
SFG,New York Giants
PHI,Philadelphia Phillies
PIT,Pittsburgh Pirates
STL,St. Louis Browns
WAS,Washington Senators
BLO,Baltimore Orioles
LAD,Brooklyn Bridegrooms
ATL,Boston Beaneaters
CHC,Chicago Colts
CIN,Cincinnati Reds
CLV,Cleveland Spiders
LOU,Louisville Colonels
SFG,New York Giants
PHI,Philadelphia Phillies
PIT,Pittsburgh Pirates
STL,St. Louis Browns
WAS,Washington Senators
BLO,Baltimore Orioles
LAD,Brooklyn Bridegrooms
ATL,Boston Beaneaters
CHC,Chicago Orphans
CIN,Cincinnati Reds
CLV,Cleveland Spiders
LOU,Louisville Colonels
SFG,New York Giants
PHI,Philadelphia Phillies
PIT,Pittsburgh Pirates
STL,St. Louis Browns
WAS,Washington Senators
BLO,Baltimore Orioles
LAD,Brooklyn Superbas
ATL,Boston Beaneaters
CHC,Chicago Orphans
CIN,Cincinnati Reds
CLV,Cleveland Spiders
LOU,Louisville Colonels
SFG,New York Giants
PHI,Philadelphia Phillies
PIT,Pittsburgh Pirates
STL,St. Louis Perfectos
WAS,Washington Senators
LAD,Brooklyn Superbas
ATL,Boston Beaneaters
CHC,Chicago Orphans
CIN,Cincinnati Reds
SFG,New York Giants
PHI,Philadelphia Phillies
PIT,Pittsburgh Pirates
STL,St. Louis Cardinals
NYY,Baltimore Orioles
BOS,Boston Americans
LAD,Brooklyn Superbas
ATL,Boston Beaneaters
CHW,Chicago White Sox
CHC,Chicago Orphans
CIN,Cincinnati Reds
CLE,Cleveland Blues
DET,Detroit Tigers
BAL,Milwaukee Brewers
SFG,New York Giants
OAK,Philadelphia Athletics
PHI,Philadelphia Phillies
PIT,Pittsburgh Pirates
STL,St. Louis Cardinals
MIN,Washington Senators
NYY,Baltimore Orioles
BOS,Boston Americans
LAD,Brooklyn Superbas
ATL,Boston Beaneaters
CHW,Chicago White Sox
CHC,Chicago Orphans
CIN,Cincinnati Reds
CLE,Cleveland Bronchos
DET,Detroit Tigers
SFG,New York Giants
OAK,Philadelphia Athletics
PHI,Philadelphia Phillies
PIT,Pittsburgh Pirates
BAL,St. Louis Browns
STL,St. Louis Cardinals
MIN,Washington Senators
BOS,Boston Americans
LAD,Brooklyn Superbas
ATL,Boston Beaneaters
CHW,Chicago White Sox
CHC,Chicago Cubs
CIN,Cincinnati Reds
CLE,Cleveland Naps
DET,Detroit Tigers
SFG,New York Giants
NYY,New York Highlanders
OAK,Philadelphia Athletics
PHI,Philadelphia Phillies
PIT,Pittsburgh Pirates
BAL,St. Louis Browns
STL,St. Louis Cardinals
MIN,Washington Senators
BOS,Boston Americans
LAD,Brooklyn Superbas
ATL,Boston Beaneaters
CHW,Chicago White Sox
CHC,Chicago Cubs
CIN,Cincinnati Reds
CLE,Cleveland Naps
DET,Detroit Tigers
SFG,New York Giants
NYY,New York Highlanders
OAK,Philadelphia Athletics
PHI,Philadelphia Phillies
PIT,Pittsburgh Pirates
BAL,St. Louis Browns
STL,St. Louis Cardinals
MIN,Washington Senators
BOS,Boston Americans
LAD,Brooklyn Superbas
ATL,Boston Beaneaters
CHW,Chicago White Sox
CHC,Chicago Cubs
CIN,Cincinnati Reds
CLE,Cleveland Naps
DET,Detroit Tigers
SFG,New York Giants
NYY,New York Highlanders
OAK,Philadelphia Athletics
PHI,Philadelphia Phillies
PIT,Pittsburgh Pirates
BAL,St. Louis Browns
STL,St. Louis Cardinals
MIN,Washington Senators
BOS,Boston Americans
LAD,Brooklyn Superbas
ATL,Boston Beaneaters
CHW,Chicago White Sox
CHC,Chicago Cubs
CIN,Cincinnati Reds
CLE,Cleveland Naps
DET,Detroit Tigers
SFG,New York Giants
NYY,New York Highlanders
OAK,Philadelphia Athletics
PHI,Philadelphia Phillies
PIT,Pittsburgh Pirates
BAL,St. Louis Browns
STL,St. Louis Cardinals
MIN,Washington Senators
BOS,Boston Americans
LAD,Brooklyn Superbas
ATL,Boston Doves
CHW,Chicago White Sox
CHC,Chicago Cubs
CIN,Cincinnati Reds
CLE,Cleveland Naps
DET,Detroit Tigers
SFG,New York Giants
NYY,New York Highlanders
OAK,Philadelphia Athletics
PHI,Philadelphia Phillies
PIT,Pittsburgh Pirates
BAL,St. Louis Browns
STL,St. Louis Cardinals
MIN,Washington Senators
BOS,Boston Red Sox
LAD,Brooklyn Superbas
ATL,Boston Doves
CHW,Chicago White Sox
CHC,Chicago Cubs
CIN,Cincinnati Reds
CLE,Cleveland Naps
DET,Detroit Tigers
SFG,New York Giants
NYY,New York Highlanders
OAK,Philadelphia Athletics
PHI,Philadelphia Phillies
PIT,Pittsburgh Pirates
BAL,St. Louis Browns
STL,St. Louis Cardinals
MIN,Washington Senators
BOS,Boston Red Sox
LAD,Brooklyn Superbas
ATL,Boston Doves
CHW,Chicago White Sox
CHC,Chicago Cubs
CIN,Cincinnati Reds
CLE,Cleveland Naps
DET,Detroit Tigers
SFG,New York Giants
NYY,New York Highlanders
OAK,Philadelphia Athletics
PHI,Philadelphia Phillies
PIT,Pittsburgh Pirates
BAL,St. Louis Browns
STL,St. Louis Cardinals
MIN,Washington Senators
BOS,Boston Red Sox
LAD,Brooklyn Superbas
ATL,Boston Doves
CHW,Chicago White Sox
CHC,Chicago Cubs
CIN,Cincinnati Reds
CLE,Cleveland Naps
DET,Detroit Tigers
SFG,New York Giants
NYY,New York Highlanders
OAK,Philadelphia Athletics
PHI,Philadelphia Phillies
PIT,Pittsburgh Pirates
BAL,St. Louis Browns
STL,St. Louis Cardinals
MIN,Washington Senators
BOS,Boston Red Sox
LAD,Brooklyn Dodgers
ATL,Boston Rustlers
CHW,Chicago White Sox
CHC,Chicago Cubs
CIN,Cincinnati Reds
CLE,Cleveland Naps
DET,Detroit Tigers
SFG,New York Giants
NYY,New York Highlanders
OAK,Philadelphia Athletics
PHI,Philadelphia Phillies
PIT,Pittsburgh Pirates
BAL,St. Louis Browns
STL,St. Louis Cardinals
MIN,Washington Senators
BOS,Boston Red Sox
LAD,Brooklyn Dodgers
ATL,Boston Braves
CHW,Chicago White Sox
CHC,Chicago Cubs
CIN,Cincinnati Reds
CLE,Cleveland Naps
DET,Detroit Tigers
SFG,New York Giants
NYY,New York Highlanders
OAK,Philadelphia Athletics
PHI,Philadelphia Phillies
PIT,Pittsburgh Pirates
BAL,St. Louis Browns
STL,St. Louis Cardinals
MIN,Washington Senators
BOS,Boston Red Sox
LAD,Brooklyn Superbas
ATL,Boston Braves
CHW,Chicago White Sox
CHC,Chicago Cubs
CIN,Cincinnati Reds
CLE,Cleveland Naps
DET,Detroit Tigers
SFG,New York Giants
NYY,New York Yankees
OAK,Philadelphia Athletics
PHI,Philadelphia Phillies
PIT,Pittsburgh Pirates
BAL,St. Louis Browns
STL,St. Louis Cardinals
MIN,Washington Senators
BLT,Baltimore Terrapins
BOS,Boston Red Sox
BTT,Brooklyn Tip-Tops
LAD,Brooklyn Robins
ATL,Boston Braves
BFL,Buffalo Buffeds
CHW,Chicago White Sox
CHH,Chicago Chi-Feds
CHC,Chicago Cubs
CIN,Cincinnati Reds
CLE,Cleveland Naps
DET,Detroit Tigers
NEW,Indianapolis Hoosiers
KCP,Kansas City Packers
SFG,New York Giants
NYY,New York Yankees
OAK,Philadelphia Athletics
PHI,Philadelphia Phillies
PIT,Pittsburgh Pirates
PBS,Pittsburgh Rebels
BAL,St. Louis Browns
SLI,St. Louis Terriers
STL,St. Louis Cardinals
MIN,Washington Senators
BLT,Baltimore Terrapins
BOS,Boston Red Sox
BTT,Brooklyn Tip-Tops
LAD,Brooklyn Robins
ATL,Boston Braves
BFL,Buffalo Blues
CHW,Chicago White Sox
CHH,Chicago Whales
CHC,Chicago Cubs
CIN,Cincinnati Reds
CLE,Cleveland Indians
DET,Detroit Tigers
KCP,Kansas City Packers
NEW,Newark Pepper
SFG,New York Giants
NYY,New York Yankees
OAK,Philadelphia Athletics
PHI,Philadelphia Phillies
PIT,Pittsburgh Pirates
PBS,Pittsburgh Rebels
BAL,St. Louis Browns
SLI,St. Louis Terriers
STL,St. Louis Cardinals
MIN,Washington Senators
BOS,Boston Red Sox
LAD,Brooklyn Robins
ATL,Boston Braves
CHW,Chicago White Sox
CHC,Chicago Cubs
CIN,Cincinnati Reds
CLE,Cleveland Indians
DET,Detroit Tigers
SFG,New York Giants
NYY,New York Yankees
OAK,Philadelphia Athletics
PHI,Philadelphia Phillies
PIT,Pittsburgh Pirates
BAL,St. Louis Browns
STL,St. Louis Cardinals
MIN,Washington Senators
BOS,Boston Red Sox
LAD,Brooklyn Robins
ATL,Boston Braves
CHW,Chicago White Sox
CHC,Chicago Cubs
CIN,Cincinnati Reds
CLE,Cleveland Indians
DET,Detroit Tigers
SFG,New York Giants
NYY,New York Yankees
OAK,Philadelphia Athletics
PHI,Philadelphia Phillies
PIT,Pittsburgh Pirates
BAL,St. Louis Browns
STL,St. Louis Cardinals
MIN,Washington Senators
BOS,Boston Red Sox
LAD,Brooklyn Robins
ATL,Boston Braves
CHW,Chicago White Sox
CHC,Chicago Cubs
CIN,Cincinnati Reds
CLE,Cleveland Indians
DET,Detroit Tigers
SFG,New York Giants
NYY,New York Yankees
OAK,Philadelphia Athletics
PHI,Philadelphia Phillies
PIT,Pittsburgh Pirates
BAL,St. Louis Browns
STL,St. Louis Cardinals
MIN,Washington Senators
BOS,Boston Red Sox
LAD,Brooklyn Robins
ATL,Boston Braves
CHW,Chicago White Sox
CHC,Chicago Cubs
CIN,Cincinnati Reds
CLE,Cleveland Indians
DET,Detroit Tigers
SFG,New York Giants
NYY,New York Yankees
OAK,Philadelphia Athletics
PHI,Philadelphia Phillies
PIT,Pittsburgh Pirates
BAL,St. Louis Browns
STL,St. Louis Cardinals
MIN,Washington Senators
BOS,Boston Red Sox
LAD,Brooklyn Robins
ATL,Boston Braves
CHW,Chicago White Sox
CHC,Chicago Cubs
CIN,Cincinnati Reds
CLE,Cleveland Indians
DET,Detroit Tigers
SFG,New York Giants
NYY,New York Yankees
OAK,Philadelphia Athletics
PHI,Philadelphia Phillies
PIT,Pittsburgh Pirates
BAL,St. Louis Browns
STL,St. Louis Cardinals
MIN,Washington Senators
BOS,Boston Red Sox
LAD,Brooklyn Robins
ATL,Boston Braves
CHW,Chicago White Sox
CHC,Chicago Cubs
CIN,Cincinnati Reds
CLE,Cleveland Indians
DET,Detroit Tigers
SFG,New York Giants
NYY,New York Yankees
OAK,Philadelphia Athletics
PHI,Philadelphia Phillies
PIT,Pittsburgh Pirates
BAL,St. Louis Browns
STL,St. Louis Cardinals
MIN,Washington Senators
BOS,Boston Red Sox
LAD,Brooklyn Robins
ATL,Boston Braves
CHW,Chicago White Sox
CHC,Chicago Cubs
CIN,Cincinnati Reds
CLE,Cleveland Indians
DET,Detroit Tigers
SFG,New York Giants
NYY,New York Yankees
OAK,Philadelphia Athletics
PHI,Philadelphia Phillies
PIT,Pittsburgh Pirates
BAL,St. Louis Browns
STL,St. Louis Cardinals
MIN,Washington Senators
BOS,Boston Red Sox
LAD,Brooklyn Robins
ATL,Boston Braves
CHW,Chicago White Sox
CHC,Chicago Cubs
CIN,Cincinnati Reds
CLE,Cleveland Indians
DET,Detroit Tigers
SFG,New York Giants
NYY,New York Yankees
OAK,Philadelphia Athletics
PHI,Philadelphia Phillies
PIT,Pittsburgh Pirates
BAL,St. Louis Browns
STL,St. Louis Cardinals
MIN,Washington Senators
BOS,Boston Red Sox
LAD,Brooklyn Robins
ATL,Boston Braves
CHW,Chicago White Sox
CHC,Chicago Cubs
CIN,Cincinnati Reds
CLE,Cleveland Indians
DET,Detroit Tigers
SFG,New York Giants
NYY,New York Yankees
OAK,Philadelphia Athletics
PHI,Philadelphia Phillies
PIT,Pittsburgh Pirates
BAL,St. Louis Browns
STL,St. Louis Cardinals
MIN,Washington Senators
BOS,Boston Red Sox
LAD,Brooklyn Robins
ATL,Boston Braves
CHW,Chicago White Sox
CHC,Chicago Cubs
CIN,Cincinnati Reds
CLE,Cleveland Indians
DET,Detroit Tigers
SFG,New York Giants
NYY,New York Yankees
OAK,Philadelphia Athletics
PHI,Philadelphia Phillies
PIT,Pittsburgh Pirates
BAL,St. Louis Browns
STL,St. Louis Cardinals
MIN,Washington Senators
BOS,Boston Red Sox
LAD,Brooklyn Robins
ATL,Boston Braves
CHW,Chicago White Sox
CHC,Chicago Cubs
CIN,Cincinnati Reds
CLE,Cleveland Indians
DET,Detroit Tigers
SFG,New York Giants
NYY,New York Yankees
OAK,Philadelphia Athletics
PHI,Philadelphia Phillies
PIT,Pittsburgh Pirates
BAL,St. Louis Browns
STL,St. Louis Cardinals
MIN,Washington Senators
BOS,Boston Red Sox
LAD,Brooklyn Robins
ATL,Boston Braves
CHW,Chicago White Sox
CHC,Chicago Cubs
CIN,Cincinnati Reds
CLE,Cleveland Indians
DET,Detroit Tigers
SFG,New York Giants
NYY,New York Yankees
OAK,Philadelphia Athletics
PHI,Philadelphia Phillies
PIT,Pittsburgh Pirates
BAL,St. Louis Browns
STL,St. Louis Cardinals
MIN,Washington Senators
BOS,Boston Red Sox
LAD,Brooklyn Robins
ATL,Boston Braves
CHW,Chicago White Sox
CHC,Chicago Cubs
CIN,Cincinnati Reds
CLE,Cleveland Indians
DET,Detroit Tigers
SFG,New York Giants
NYY,New York Yankees
OAK,Philadelphia Athletics
PHI,Philadelphia Phillies
PIT,Pittsburgh Pirates
BAL,St. Louis Browns
STL,St. Louis Cardinals
MIN,Washington Senators
BOS,Boston Red Sox
LAD,Brooklyn Robins
ATL,Boston Braves
CHW,Chicago White Sox
CHC,Chicago Cubs
CIN,Cincinnati Reds
CLE,Cleveland Indians
DET,Detroit Tigers
SFG,New York Giants
NYY,New York Yankees
OAK,Philadelphia Athletics
PHI,Philadelphia Phillies
PIT,Pittsburgh Pirates
BAL,St. Louis Browns
STL,St. Louis Cardinals
MIN,Washington Senators
BOS,Boston Red Sox
LAD,Brooklyn Robins
ATL,Boston Braves
CHW,Chicago White Sox
CHC,Chicago Cubs
CIN,Cincinnati Reds
CLE,Cleveland Indians
DET,Detroit Tigers
SFG,New York Giants
NYY,New York Yankees
OAK,Philadelphia Athletics
PHI,Philadelphia Phillies
PIT,Pittsburgh Pirates
BAL,St. Louis Browns
STL,St. Louis Cardinals
MIN,Washington Senators
BOS,Boston Red Sox
LAD,Brooklyn Robins
ATL,Boston Braves
CHW,Chicago White Sox
CHC,Chicago Cubs
CIN,Cincinnati Reds
CLE,Cleveland Indians
DET,Detroit Tigers
SFG,New York Giants
NYY,New York Yankees
OAK,Philadelphia Athletics
PHI,Philadelphia Phillies
PIT,Pittsburgh Pirates
BAL,St. Louis Browns
STL,St. Louis Cardinals
MIN,Washington Senators
BOS,Boston Red Sox
LAD,Brooklyn Dodgers
ATL,Boston Braves
CHW,Chicago White Sox
CHC,Chicago Cubs
CIN,Cincinnati Reds
CLE,Cleveland Indians
DET,Detroit Tigers
SFG,New York Giants
NYY,New York Yankees
OAK,Philadelphia Athletics
PHI,Philadelphia Phillies
PIT,Pittsburgh Pirates
BAL,St. Louis Browns
STL,St. Louis Cardinals
MIN,Washington Senators
BOS,Boston Red Sox
LAD,Brooklyn Dodgers
ATL,Boston Braves
CHW,Chicago White Sox
CHC,Chicago Cubs
CIN,Cincinnati Reds
CLE,Cleveland Indians
DET,Detroit Tigers
SFG,New York Giants
NYY,New York Yankees
OAK,Philadelphia Athletics
PHI,Philadelphia Phillies
PIT,Pittsburgh Pirates
BAL,St. Louis Browns
STL,St. Louis Cardinals
MIN,Washington Senators
BOS,Boston Red Sox
LAD,Brooklyn Dodgers
ATL,Boston Braves
CHW,Chicago White Sox
CHC,Chicago Cubs
CIN,Cincinnati Reds
CLE,Cleveland Indians
DET,Detroit Tigers
SFG,New York Giants
NYY,New York Yankees
OAK,Philadelphia Athletics
PHI,Philadelphia Phillies
PIT,Pittsburgh Pirates
BAL,St. Louis Browns
STL,St. Louis Cardinals
MIN,Washington Senators
BOS,Boston Red Sox
LAD,Brooklyn Dodgers
ATL,Boston Braves
CHW,Chicago White Sox
CHC,Chicago Cubs
CIN,Cincinnati Reds
CLE,Cleveland Indians
DET,Detroit Tigers
SFG,New York Giants
NYY,New York Yankees
OAK,Philadelphia Athletics
PHI,Philadelphia Phillies
PIT,Pittsburgh Pirates
BAL,St. Louis Browns
STL,St. Louis Cardinals
MIN,Washington Senators
BOS,Boston Red Sox
LAD,Brooklyn Dodgers
ATL,Boston Bees
CHW,Chicago White Sox
CHC,Chicago Cubs
CIN,Cincinnati Reds
CLE,Cleveland Indians
DET,Detroit Tigers
SFG,New York Giants
NYY,New York Yankees
OAK,Philadelphia Athletics
PHI,Philadelphia Phillies
PIT,Pittsburgh Pirates
BAL,St. Louis Browns
STL,St. Louis Cardinals
MIN,Washington Senators
BOS,Boston Red Sox
LAD,Brooklyn Dodgers
ATL,Boston Bees
CHW,Chicago White Sox
CHC,Chicago Cubs
CIN,Cincinnati Reds
CLE,Cleveland Indians
DET,Detroit Tigers
SFG,New York Giants
NYY,New York Yankees
OAK,Philadelphia Athletics
PHI,Philadelphia Phillies
PIT,Pittsburgh Pirates
BAL,St. Louis Browns
STL,St. Louis Cardinals
MIN,Washington Senators
BOS,Boston Red Sox
LAD,Brooklyn Dodgers
ATL,Boston Bees
CHW,Chicago White Sox
CHC,Chicago Cubs
CIN,Cincinnati Reds
CLE,Cleveland Indians
DET,Detroit Tigers
SFG,New York Giants
NYY,New York Yankees
OAK,Philadelphia Athletics
PHI,Philadelphia Phillies
PIT,Pittsburgh Pirates
BAL,St. Louis Browns
STL,St. Louis Cardinals
MIN,Washington Senators
BOS,Boston Red Sox
LAD,Brooklyn Dodgers
ATL,Boston Bees
CHW,Chicago White Sox
CHC,Chicago Cubs
CIN,Cincinnati Reds
CLE,Cleveland Indians
DET,Detroit Tigers
SFG,New York Giants
NYY,New York Yankees
OAK,Philadelphia Athletics
PHI,Philadelphia Phillies
PIT,Pittsburgh Pirates
BAL,St. Louis Browns
STL,St. Louis Cardinals
MIN,Washington Senators
BOS,Boston Red Sox
LAD,Brooklyn Dodgers
ATL,Boston Bees
CHW,Chicago White Sox
CHC,Chicago Cubs
CIN,Cincinnati Reds
CLE,Cleveland Indians
DET,Detroit Tigers
SFG,New York Giants
NYY,New York Yankees
OAK,Philadelphia Athletics
PHI,Philadelphia Phillies
PIT,Pittsburgh Pirates
BAL,St. Louis Browns
STL,St. Louis Cardinals
MIN,Washington Senators
BOS,Boston Red Sox
LAD,Brooklyn Dodgers
ATL,Boston Braves
CHW,Chicago White Sox
CHC,Chicago Cubs
CIN,Cincinnati Reds
CLE,Cleveland Indians
DET,Detroit Tigers
SFG,New York Giants
NYY,New York Yankees
OAK,Philadelphia Athletics
PHI,Philadelphia Phillies
PIT,Pittsburgh Pirates
BAL,St. Louis Browns
STL,St. Louis Cardinals
MIN,Washington Senators
BOS,Boston Red Sox
LAD,Brooklyn Dodgers
ATL,Boston Braves
CHW,Chicago White Sox
CHC,Chicago Cubs
CIN,Cincinnati Reds
CLE,Cleveland Indians
DET,Detroit Tigers
SFG,New York Giants
NYY,New York Yankees
OAK,Philadelphia Athletics
PHI,Philadelphia Phillies
PIT,Pittsburgh Pirates
BAL,St. Louis Browns
STL,St. Louis Cardinals
MIN,Washington Senators
BOS,Boston Red Sox
LAD,Brooklyn Dodgers
ATL,Boston Braves
CHW,Chicago White Sox
CHC,Chicago Cubs
CIN,Cincinnati Reds
CLE,Cleveland Indians
DET,Detroit Tigers
SFG,New York Giants
NYY,New York Yankees
OAK,Philadelphia Athletics
PHI,Philadelphia Blue Jays
PIT,Pittsburgh Pirates
BAL,St. Louis Browns
STL,St. Louis Cardinals
MIN,Washington Senators
BOS,Boston Red Sox
LAD,Brooklyn Dodgers
ATL,Boston Braves
CHW,Chicago White Sox
CHC,Chicago Cubs
CIN,Cincinnati Reds
CLE,Cleveland Indians
DET,Detroit Tigers
SFG,New York Giants
NYY,New York Yankees
OAK,Philadelphia Athletics
PHI,Philadelphia Blue Jays
PIT,Pittsburgh Pirates
BAL,St. Louis Browns
STL,St. Louis Cardinals
MIN,Washington Senators
BOS,Boston Red Sox
LAD,Brooklyn Dodgers
ATL,Boston Braves
CHW,Chicago White Sox
CHC,Chicago Cubs
CIN,Cincinnati Reds
CLE,Cleveland Indians
DET,Detroit Tigers
SFG,New York Giants
NYY,New York Yankees
OAK,Philadelphia Athletics
PHI,Philadelphia Phillies
PIT,Pittsburgh Pirates
BAL,St. Louis Browns
STL,St. Louis Cardinals
MIN,Washington Senators
BOS,Boston Red Sox
LAD,Brooklyn Dodgers
ATL,Boston Braves
CHW,Chicago White Sox
CHC,Chicago Cubs
CIN,Cincinnati Reds
CLE,Cleveland Indians
DET,Detroit Tigers
SFG,New York Giants
NYY,New York Yankees
OAK,Philadelphia Athletics
PHI,Philadelphia Phillies
PIT,Pittsburgh Pirates
BAL,St. Louis Browns
STL,St. Louis Cardinals
MIN,Washington Senators
BOS,Boston Red Sox
LAD,Brooklyn Dodgers
ATL,Boston Braves
CHW,Chicago White Sox
CHC,Chicago Cubs
CIN,Cincinnati Reds
CLE,Cleveland Indians
DET,Detroit Tigers
SFG,New York Giants
NYY,New York Yankees
OAK,Philadelphia Athletics
PHI,Philadelphia Phillies
PIT,Pittsburgh Pirates
BAL,St. Louis Browns
STL,St. Louis Cardinals
MIN,Washington Senators
BOS,Boston Red Sox
LAD,Brooklyn Dodgers
ATL,Boston Braves
CHW,Chicago White Sox
CHC,Chicago Cubs
CIN,Cincinnati Reds
CLE,Cleveland Indians
DET,Detroit Tigers
SFG,New York Giants
NYY,New York Yankees
OAK,Philadelphia Athletics
PHI,Philadelphia Phillies
PIT,Pittsburgh Pirates
BAL,St. Louis Browns
STL,St. Louis Cardinals
MIN,Washington Senators
BOS,Boston Red Sox
LAD,Brooklyn Dodgers
ATL,Boston Braves
CHW,Chicago White Sox
CHC,Chicago Cubs
CIN,Cincinnati Reds
CLE,Cleveland Indians
DET,Detroit Tigers
SFG,New York Giants
NYY,New York Yankees
OAK,Philadelphia Athletics
PHI,Philadelphia Phillies
PIT,Pittsburgh Pirates
BAL,St. Louis Browns
STL,St. Louis Cardinals
MIN,Washington Senators
BOS,Boston Red Sox
LAD,Brooklyn Dodgers
ATL,Boston Braves
CHW,Chicago White Sox
CHC,Chicago Cubs
CIN,Cincinnati Reds
CLE,Cleveland Indians
DET,Detroit Tigers
SFG,New York Giants
NYY,New York Yankees
OAK,Philadelphia Athletics
PHI,Philadelphia Phillies
PIT,Pittsburgh Pirates
BAL,St. Louis Browns
STL,St. Louis Cardinals
MIN,Washington Senators
BOS,Boston Red Sox
LAD,Brooklyn Dodgers
ATL,Boston Braves
CHW,Chicago White Sox
CHC,Chicago Cubs
CIN,Cincinnati Reds
CLE,Cleveland Indians
DET,Detroit Tigers
SFG,New York Giants
NYY,New York Yankees
OAK,Philadelphia Athletics
PHI,Philadelphia Phillies
PIT,Pittsburgh Pirates
BAL,St. Louis Browns
STL,St. Louis Cardinals
MIN,Washington Senators
BOS,Boston Red Sox
LAD,Brooklyn Dodgers
ATL,Boston Braves
CHW,Chicago White Sox
CHC,Chicago Cubs
CIN,Cincinnati Reds
CLE,Cleveland Indians
DET,Detroit Tigers
SFG,New York Giants
NYY,New York Yankees
OAK,Philadelphia Athletics
PHI,Philadelphia Phillies
PIT,Pittsburgh Pirates
BAL,St. Louis Browns
STL,St. Louis Cardinals
MIN,Washington Senators
BOS,Boston Red Sox
LAD,Brooklyn Dodgers
CHW,Chicago White Sox
CHC,Chicago Cubs
CIN,Cincinnati Reds
CLE,Cleveland Indians
DET,Detroit Tigers
ATL,Milwaukee Braves
SFG,New York Giants
NYY,New York Yankees
OAK,Philadelphia Athletics
PHI,Philadelphia Phillies
PIT,Pittsburgh Pirates
BAL,St. Louis Browns
STL,St. Louis Cardinals
MIN,Washington Senators
BAL,Baltimore Orioles
BOS,Boston Red Sox
LAD,Brooklyn Dodgers
CHW,Chicago White Sox
CHC,Chicago Cubs
CIN,Cincinnati Redlegs
CLE,Cleveland Indians
DET,Detroit Tigers
ATL,Milwaukee Braves
SFG,New York Giants
NYY,New York Yankees
OAK,Philadelphia Athletics
PHI,Philadelphia Phillies
PIT,Pittsburgh Pirates
STL,St. Louis Cardinals
MIN,Washington Senators
BAL,Baltimore Orioles
BOS,Boston Red Sox
LAD,Brooklyn Dodgers
CHW,Chicago White Sox
CHC,Chicago Cubs
CIN,Cincinnati Redlegs
CLE,Cleveland Indians
DET,Detroit Tigers
OAK,Kansas City Athletics
ATL,Milwaukee Braves
SFG,New York Giants
NYY,New York Yankees
PHI,Philadelphia Phillies
PIT,Pittsburgh Pirates
STL,St. Louis Cardinals
MIN,Washington Senators
BAL,Baltimore Orioles
BOS,Boston Red Sox
LAD,Brooklyn Dodgers
CHW,Chicago White Sox
CHC,Chicago Cubs
CIN,Cincinnati Redlegs
CLE,Cleveland Indians
DET,Detroit Tigers
OAK,Kansas City Athletics
ATL,Milwaukee Braves
SFG,New York Giants
NYY,New York Yankees
PHI,Philadelphia Phillies
PIT,Pittsburgh Pirates
STL,St. Louis Cardinals
MIN,Washington Senators
BAL,Baltimore Orioles
BOS,Boston Red Sox
LAD,Brooklyn Dodgers
CHW,Chicago White Sox
CHC,Chicago Cubs
CIN,Cincinnati Redlegs
CLE,Cleveland Indians
DET,Detroit Tigers
OAK,Kansas City Athletics
ATL,Milwaukee Braves
SFG,New York Giants
NYY,New York Yankees
PHI,Philadelphia Phillies
PIT,Pittsburgh Pirates
STL,St. Louis Cardinals
MIN,Washington Senators
BAL,Baltimore Orioles
BOS,Boston Red Sox
CHW,Chicago White Sox
CHC,Chicago Cubs
CIN,Cincinnati Redlegs
CLE,Cleveland Indians
DET,Detroit Tigers
OAK,Kansas City Athletics
LAD,Los Angeles Dodgers
ATL,Milwaukee Braves
NYY,New York Yankees
PHI,Philadelphia Phillies
PIT,Pittsburgh Pirates
SFG,San Francisco Giants
STL,St. Louis Cardinals
MIN,Washington Senators
BAL,Baltimore Orioles
BOS,Boston Red Sox
CHW,Chicago White Sox
CHC,Chicago Cubs
CIN,Cincinnati Redlegs
CLE,Cleveland Indians
DET,Detroit Tigers
OAK,Kansas City Athletics
LAD,Los Angeles Dodgers
ATL,Milwaukee Braves
NYY,New York Yankees
PHI,Philadelphia Phillies
PIT,Pittsburgh Pirates
SFG,San Francisco Giants
STL,St. Louis Cardinals
MIN,Washington Senators
BAL,Baltimore Orioles
BOS,Boston Red Sox
CHW,Chicago White Sox
CHC,Chicago Cubs
CIN,Cincinnati Reds
CLE,Cleveland Indians
DET,Detroit Tigers
OAK,Kansas City Athletics
LAD,Los Angeles Dodgers
ATL,Milwaukee Braves
NYY,New York Yankees
PHI,Philadelphia Phillies
PIT,Pittsburgh Pirates
SFG,San Francisco Giants
STL,St. Louis Cardinals
MIN,Washington Senators
BAL,Baltimore Orioles
BOS,Boston Red Sox
CHW,Chicago White Sox
CHC,Chicago Cubs
CIN,Cincinnati Reds
CLE,Cleveland Indians
DET,Detroit Tigers
OAK,Kansas City Athletics
ANA,Los Angeles Angels
LAD,Los Angeles Dodgers
MIN,Minnesota Twins
ATL,Milwaukee Braves
NYY,New York Yankees
PHI,Philadelphia Phillies
PIT,Pittsburgh Pirates
SFG,San Francisco Giants
STL,St. Louis Cardinals
TEX,Washington Senators
BAL,Baltimore Orioles
BOS,Boston Red Sox
CHW,Chicago White Sox
CHC,Chicago Cubs
CIN,Cincinnati Reds
CLE,Cleveland Indians
DET,Detroit Tigers
HOU,Houston Colt .45's
OAK,Kansas City Athletics
ANA,Los Angeles Angels
LAD,Los Angeles Dodgers
MIN,Minnesota Twins
ATL,Milwaukee Braves
NYY,New York Yankees
NYM,New York Mets
PHI,Philadelphia Phillies
PIT,Pittsburgh Pirates
SFG,San Francisco Giants
STL,St. Louis Cardinals
TEX,Washington Senators
BAL,Baltimore Orioles
BOS,Boston Red Sox
CHW,Chicago White Sox
CHC,Chicago Cubs
CIN,Cincinnati Reds
CLE,Cleveland Indians
DET,Detroit Tigers
HOU,Houston Colt .45's
OAK,Kansas City Athletics
ANA,Los Angeles Angels
LAD,Los Angeles Dodgers
MIN,Minnesota Twins
ATL,Milwaukee Braves
NYY,New York Yankees
NYM,New York Mets
PHI,Philadelphia Phillies
PIT,Pittsburgh Pirates
SFG,San Francisco Giants
STL,St. Louis Cardinals
TEX,Washington Senators
BAL,Baltimore Orioles
BOS,Boston Red Sox
CHW,Chicago White Sox
CHC,Chicago Cubs
CIN,Cincinnati Reds
CLE,Cleveland Indians
DET,Detroit Tigers
HOU,Houston Colt .45's
OAK,Kansas City Athletics
ANA,Los Angeles Angels
LAD,Los Angeles Dodgers
MIN,Minnesota Twins
ATL,Milwaukee Braves
NYY,New York Yankees
NYM,New York Mets
PHI,Philadelphia Phillies
PIT,Pittsburgh Pirates
SFG,San Francisco Giants
STL,St. Louis Cardinals
TEX,Washington Senators
BAL,Baltimore Orioles
BOS,Boston Red Sox
ANA,California Angels
CHW,Chicago White Sox
CHC,Chicago Cubs
CIN,Cincinnati Reds
CLE,Cleveland Indians
DET,Detroit Tigers
HOU,Houston Astros
OAK,Kansas City Athletics
LAD,Los Angeles Dodgers
MIN,Minnesota Twins
ATL,Milwaukee Braves
NYY,New York Yankees
NYM,New York Mets
PHI,Philadelphia Phillies
PIT,Pittsburgh Pirates
SFG,San Francisco Giants
STL,St. Louis Cardinals
TEX,Washington Senators
ATL,Atlanta Braves
BAL,Baltimore Orioles
BOS,Boston Red Sox
ANA,California Angels
CHW,Chicago White Sox
CHC,Chicago Cubs
CIN,Cincinnati Reds
CLE,Cleveland Indians
DET,Detroit Tigers
HOU,Houston Astros
OAK,Kansas City Athletics
LAD,Los Angeles Dodgers
MIN,Minnesota Twins
NYY,New York Yankees
NYM,New York Mets
PHI,Philadelphia Phillies
PIT,Pittsburgh Pirates
SFG,San Francisco Giants
STL,St. Louis Cardinals
TEX,Washington Senators
ATL,Atlanta Braves
BAL,Baltimore Orioles
BOS,Boston Red Sox
ANA,California Angels
CHW,Chicago White Sox
CHC,Chicago Cubs
CIN,Cincinnati Reds
CLE,Cleveland Indians
DET,Detroit Tigers
HOU,Houston Astros
OAK,Kansas City Athletics
LAD,Los Angeles Dodgers
MIN,Minnesota Twins
NYY,New York Yankees
NYM,New York Mets
PHI,Philadelphia Phillies
PIT,Pittsburgh Pirates
SFG,San Francisco Giants
STL,St. Louis Cardinals
TEX,Washington Senators
ATL,Atlanta Braves
BAL,Baltimore Orioles
BOS,Boston Red Sox
ANA,California Angels
CHW,Chicago White Sox
CHC,Chicago Cubs
CIN,Cincinnati Reds
CLE,Cleveland Indians
DET,Detroit Tigers
HOU,Houston Astros
LAD,Los Angeles Dodgers
MIN,Minnesota Twins
NYY,New York Yankees
NYM,New York Mets
OAK,Oakland Athletics
PHI,Philadelphia Phillies
PIT,Pittsburgh Pirates
SFG,San Francisco Giants
STL,St. Louis Cardinals
TEX,Washington Senators
ATL,Atlanta Braves
BAL,Baltimore Orioles
BOS,Boston Red Sox
ANA,California Angels
CHW,Chicago White Sox
CHC,Chicago Cubs
CIN,Cincinnati Reds
CLE,Cleveland Indians
DET,Detroit Tigers
HOU,Houston Astros
KCR,Kansas City Royals
LAD,Los Angeles Dodgers
MIN,Minnesota Twins
WSN,Montreal Expos
NYY,New York Yankees
NYM,New York Mets
OAK,Oakland Athletics
PHI,Philadelphia Phillies
PIT,Pittsburgh Pirates
SDP,San Diego Padres
MIL,Seattle Pilots
SFG,San Francisco Giants
STL,St. Louis Cardinals
TEX,Washington Senators
ATL,Atlanta Braves
BAL,Baltimore Orioles
BOS,Boston Red Sox
ANA,California Angels
CHW,Chicago White Sox
CHC,Chicago Cubs
CIN,Cincinnati Reds
CLE,Cleveland Indians
DET,Detroit Tigers
HOU,Houston Astros
KCR,Kansas City Royals
LAD,Los Angeles Dodgers
MIN,Minnesota Twins
MIL,Milwaukee Brewers
WSN,Montreal Expos
NYY,New York Yankees
NYM,New York Mets
OAK,Oakland Athletics
PHI,Philadelphia Phillies
PIT,Pittsburgh Pirates
SDP,San Diego Padres
SFG,San Francisco Giants
STL,St. Louis Cardinals
TEX,Washington Senators
ATL,Atlanta Braves
BAL,Baltimore Orioles
BOS,Boston Red Sox
ANA,California Angels
CHW,Chicago White Sox
CHC,Chicago Cubs
CIN,Cincinnati Reds
CLE,Cleveland Indians
DET,Detroit Tigers
HOU,Houston Astros
KCR,Kansas City Royals
LAD,Los Angeles Dodgers
MIN,Minnesota Twins
MIL,Milwaukee Brewers
WSN,Montreal Expos
NYY,New York Yankees
NYM,New York Mets
OAK,Oakland Athletics
PHI,Philadelphia Phillies
PIT,Pittsburgh Pirates
SDP,San Diego Padres
SFG,San Francisco Giants
STL,St. Louis Cardinals
TEX,Washington Senators
ATL,Atlanta Braves
BAL,Baltimore Orioles
BOS,Boston Red Sox
ANA,California Angels
CHW,Chicago White Sox
CHC,Chicago Cubs
CIN,Cincinnati Reds
CLE,Cleveland Indians
DET,Detroit Tigers
HOU,Houston Astros
KCR,Kansas City Royals
LAD,Los Angeles Dodgers
MIN,Minnesota Twins
MIL,Milwaukee Brewers
WSN,Montreal Expos
NYY,New York Yankees
NYM,New York Mets
OAK,Oakland Athletics
PHI,Philadelphia Phillies
PIT,Pittsburgh Pirates
SDP,San Diego Padres
SFG,San Francisco Giants
STL,St. Louis Cardinals
TEX,Texas Rangers
ATL,Atlanta Braves
BAL,Baltimore Orioles
BOS,Boston Red Sox
ANA,California Angels
CHW,Chicago White Sox
CHC,Chicago Cubs
CIN,Cincinnati Reds
CLE,Cleveland Indians
DET,Detroit Tigers
HOU,Houston Astros
KCR,Kansas City Royals
LAD,Los Angeles Dodgers
MIN,Minnesota Twins
MIL,Milwaukee Brewers
WSN,Montreal Expos
NYY,New York Yankees
NYM,New York Mets
OAK,Oakland Athletics
PHI,Philadelphia Phillies
PIT,Pittsburgh Pirates
SDP,San Diego Padres
SFG,San Francisco Giants
STL,St. Louis Cardinals
TEX,Texas Rangers
ATL,Atlanta Braves
BAL,Baltimore Orioles
BOS,Boston Red Sox
ANA,California Angels
CHW,Chicago White Sox
CHC,Chicago Cubs
CIN,Cincinnati Reds
CLE,Cleveland Indians
DET,Detroit Tigers
HOU,Houston Astros
KCR,Kansas City Royals
LAD,Los Angeles Dodgers
MIN,Minnesota Twins
MIL,Milwaukee Brewers
WSN,Montreal Expos
NYY,New York Yankees
NYM,New York Mets
OAK,Oakland Athletics
PHI,Philadelphia Phillies
PIT,Pittsburgh Pirates
SDP,San Diego Padres
SFG,San Francisco Giants
STL,St. Louis Cardinals
TEX,Texas Rangers
ATL,Atlanta Braves
BAL,Baltimore Orioles
BOS,Boston Red Sox
ANA,California Angels
CHW,Chicago White Sox
CHC,Chicago Cubs
CIN,Cincinnati Reds
CLE,Cleveland Indians
DET,Detroit Tigers
HOU,Houston Astros
KCR,Kansas City Royals
LAD,Los Angeles Dodgers
MIN,Minnesota Twins
MIL,Milwaukee Brewers
WSN,Montreal Expos
NYY,New York Yankees
NYM,New York Mets
OAK,Oakland Athletics
PHI,Philadelphia Phillies
PIT,Pittsburgh Pirates
SDP,San Diego Padres
SFG,San Francisco Giants
STL,St. Louis Cardinals
TEX,Texas Rangers
ATL,Atlanta Braves
BAL,Baltimore Orioles
BOS,Boston Red Sox
ANA,California Angels
CHW,Chicago White Sox
CHC,Chicago Cubs
CIN,Cincinnati Reds
CLE,Cleveland Indians
DET,Detroit Tigers
HOU,Houston Astros
KCR,Kansas City Royals
LAD,Los Angeles Dodgers
MIN,Minnesota Twins
MIL,Milwaukee Brewers
WSN,Montreal Expos
NYY,New York Yankees
NYM,New York Mets
OAK,Oakland Athletics
PHI,Philadelphia Phillies
PIT,Pittsburgh Pirates
SDP,San Diego Padres
SFG,San Francisco Giants
STL,St. Louis Cardinals
TEX,Texas Rangers
ATL,Atlanta Braves
BAL,Baltimore Orioles
BOS,Boston Red Sox
ANA,California Angels
CHW,Chicago White Sox
CHC,Chicago Cubs
CIN,Cincinnati Reds
CLE,Cleveland Indians
DET,Detroit Tigers
HOU,Houston Astros
KCR,Kansas City Royals
LAD,Los Angeles Dodgers
MIN,Minnesota Twins
MIL,Milwaukee Brewers
WSN,Montreal Expos
NYY,New York Yankees
NYM,New York Mets
OAK,Oakland Athletics
PHI,Philadelphia Phillies
PIT,Pittsburgh Pirates
SDP,San Diego Padres
SEA,Seattle Mariners
SFG,San Francisco Giants
STL,St. Louis Cardinals
TEX,Texas Rangers
TOR,Toronto Blue Jays
ATL,Atlanta Braves
BAL,Baltimore Orioles
BOS,Boston Red Sox
ANA,California Angels
CHW,Chicago White Sox
CHC,Chicago Cubs
CIN,Cincinnati Reds
CLE,Cleveland Indians
DET,Detroit Tigers
HOU,Houston Astros
KCR,Kansas City Royals
LAD,Los Angeles Dodgers
MIN,Minnesota Twins
MIL,Milwaukee Brewers
WSN,Montreal Expos
NYY,New York Yankees
NYM,New York Mets
OAK,Oakland Athletics
PHI,Philadelphia Phillies
PIT,Pittsburgh Pirates
SDP,San Diego Padres
SEA,Seattle Mariners
SFG,San Francisco Giants
STL,St. Louis Cardinals
TEX,Texas Rangers
TOR,Toronto Blue Jays
ATL,Atlanta Braves
BAL,Baltimore Orioles
BOS,Boston Red Sox
ANA,California Angels
CHW,Chicago White Sox
CHC,Chicago Cubs
CIN,Cincinnati Reds
CLE,Cleveland Indians
DET,Detroit Tigers
HOU,Houston Astros
KCR,Kansas City Royals
LAD,Los Angeles Dodgers
MIN,Minnesota Twins
MIL,Milwaukee Brewers
WSN,Montreal Expos
NYY,New York Yankees
NYM,New York Mets
OAK,Oakland Athletics
PHI,Philadelphia Phillies
PIT,Pittsburgh Pirates
SDP,San Diego Padres
SEA,Seattle Mariners
SFG,San Francisco Giants
STL,St. Louis Cardinals
TEX,Texas Rangers
TOR,Toronto Blue Jays
ATL,Atlanta Braves
BAL,Baltimore Orioles
BOS,Boston Red Sox
ANA,California Angels
CHW,Chicago White Sox
CHC,Chicago Cubs
CIN,Cincinnati Reds
CLE,Cleveland Indians
DET,Detroit Tigers
HOU,Houston Astros
KCR,Kansas City Royals
LAD,Los Angeles Dodgers
MIN,Minnesota Twins
MIL,Milwaukee Brewers
WSN,Montreal Expos
NYY,New York Yankees
NYM,New York Mets
OAK,Oakland Athletics
PHI,Philadelphia Phillies
PIT,Pittsburgh Pirates
SDP,San Diego Padres
SEA,Seattle Mariners
SFG,San Francisco Giants
STL,St. Louis Cardinals
TEX,Texas Rangers
TOR,Toronto Blue Jays
ATL,Atlanta Braves
BAL,Baltimore Orioles
BOS,Boston Red Sox
ANA,California Angels
CHW,Chicago White Sox
CHC,Chicago Cubs
CIN,Cincinnati Reds
CLE,Cleveland Indians
DET,Detroit Tigers
HOU,Houston Astros
KCR,Kansas City Royals
LAD,Los Angeles Dodgers
MIN,Minnesota Twins
MIL,Milwaukee Brewers
WSN,Montreal Expos
NYY,New York Yankees
NYM,New York Mets
OAK,Oakland Athletics
PHI,Philadelphia Phillies
PIT,Pittsburgh Pirates
SDP,San Diego Padres
SEA,Seattle Mariners
SFG,San Francisco Giants
STL,St. Louis Cardinals
TEX,Texas Rangers
TOR,Toronto Blue Jays
ATL,Atlanta Braves
BAL,Baltimore Orioles
BOS,Boston Red Sox
ANA,California Angels
CHW,Chicago White Sox
CHC,Chicago Cubs
CIN,Cincinnati Reds
CLE,Cleveland Indians
DET,Detroit Tigers
HOU,Houston Astros
KCR,Kansas City Royals
LAD,Los Angeles Dodgers
MIN,Minnesota Twins
MIL,Milwaukee Brewers
WSN,Montreal Expos
NYY,New York Yankees
NYM,New York Mets
OAK,Oakland Athletics
PHI,Philadelphia Phillies
PIT,Pittsburgh Pirates
SDP,San Diego Padres
SEA,Seattle Mariners
SFG,San Francisco Giants
STL,St. Louis Cardinals
TEX,Texas Rangers
TOR,Toronto Blue Jays
ATL,Atlanta Braves
BAL,Baltimore Orioles
BOS,Boston Red Sox
ANA,California Angels
CHW,Chicago White Sox
CHC,Chicago Cubs
CIN,Cincinnati Reds
CLE,Cleveland Indians
DET,Detroit Tigers
HOU,Houston Astros
KCR,Kansas City Royals
LAD,Los Angeles Dodgers
MIN,Minnesota Twins
MIL,Milwaukee Brewers
WSN,Montreal Expos
NYY,New York Yankees
NYM,New York Mets
OAK,Oakland Athletics
PHI,Philadelphia Phillies
PIT,Pittsburgh Pirates
SDP,San Diego Padres
SEA,Seattle Mariners
SFG,San Francisco Giants
STL,St. Louis Cardinals
TEX,Texas Rangers
TOR,Toronto Blue Jays
ATL,Atlanta Braves
BAL,Baltimore Orioles
BOS,Boston Red Sox
ANA,California Angels
CHW,Chicago White Sox
CHC,Chicago Cubs
CIN,Cincinnati Reds
CLE,Cleveland Indians
DET,Detroit Tigers
HOU,Houston Astros
KCR,Kansas City Royals
LAD,Los Angeles Dodgers
MIN,Minnesota Twins
MIL,Milwaukee Brewers
WSN,Montreal Expos
NYY,New York Yankees
NYM,New York Mets
OAK,Oakland Athletics
PHI,Philadelphia Phillies
PIT,Pittsburgh Pirates
SDP,San Diego Padres
SEA,Seattle Mariners
SFG,San Francisco Giants
STL,St. Louis Cardinals
TEX,Texas Rangers
TOR,Toronto Blue Jays
ATL,Atlanta Braves
BAL,Baltimore Orioles
BOS,Boston Red Sox
ANA,California Angels
CHW,Chicago White Sox
CHC,Chicago Cubs
CIN,Cincinnati Reds
CLE,Cleveland Indians
DET,Detroit Tigers
HOU,Houston Astros
KCR,Kansas City Royals
LAD,Los Angeles Dodgers
MIN,Minnesota Twins
MIL,Milwaukee Brewers
WSN,Montreal Expos
NYY,New York Yankees
NYM,New York Mets
OAK,Oakland Athletics
PHI,Philadelphia Phillies
PIT,Pittsburgh Pirates
SDP,San Diego Padres
SEA,Seattle Mariners
SFG,San Francisco Giants
STL,St. Louis Cardinals
TEX,Texas Rangers
TOR,Toronto Blue Jays
ATL,Atlanta Braves
BAL,Baltimore Orioles
BOS,Boston Red Sox
ANA,California Angels
CHW,Chicago White Sox
CHC,Chicago Cubs
CIN,Cincinnati Reds
CLE,Cleveland Indians
DET,Detroit Tigers
HOU,Houston Astros
KCR,Kansas City Royals
LAD,Los Angeles Dodgers
MIN,Minnesota Twins
MIL,Milwaukee Brewers
WSN,Montreal Expos
NYY,New York Yankees
NYM,New York Mets
OAK,Oakland Athletics
PHI,Philadelphia Phillies
PIT,Pittsburgh Pirates
SDP,San Diego Padres
SEA,Seattle Mariners
SFG,San Francisco Giants
STL,St. Louis Cardinals
TEX,Texas Rangers
TOR,Toronto Blue Jays
ATL,Atlanta Braves
BAL,Baltimore Orioles
BOS,Boston Red Sox
ANA,California Angels
CHW,Chicago White Sox
CHC,Chicago Cubs
CIN,Cincinnati Reds
CLE,Cleveland Indians
DET,Detroit Tigers
HOU,Houston Astros
KCR,Kansas City Royals
LAD,Los Angeles Dodgers
MIN,Minnesota Twins
MIL,Milwaukee Brewers
WSN,Montreal Expos
NYY,New York Yankees
NYM,New York Mets
OAK,Oakland Athletics
PHI,Philadelphia Phillies
PIT,Pittsburgh Pirates
SDP,San Diego Padres
SEA,Seattle Mariners
SFG,San Francisco Giants
STL,St. Louis Cardinals
TEX,Texas Rangers
TOR,Toronto Blue Jays
ATL,Atlanta Braves
BAL,Baltimore Orioles
BOS,Boston Red Sox
ANA,California Angels
CHW,Chicago White Sox
CHC,Chicago Cubs
CIN,Cincinnati Reds
CLE,Cleveland Indians
DET,Detroit Tigers
HOU,Houston Astros
KCR,Kansas City Royals
LAD,Los Angeles Dodgers
MIN,Minnesota Twins
MIL,Milwaukee Brewers
WSN,Montreal Expos
NYY,New York Yankees
NYM,New York Mets
OAK,Oakland Athletics
PHI,Philadelphia Phillies
PIT,Pittsburgh Pirates
SDP,San Diego Padres
SEA,Seattle Mariners
SFG,San Francisco Giants
STL,St. Louis Cardinals
TEX,Texas Rangers
TOR,Toronto Blue Jays
ATL,Atlanta Braves
BAL,Baltimore Orioles
BOS,Boston Red Sox
ANA,California Angels
CHW,Chicago White Sox
CHC,Chicago Cubs
CIN,Cincinnati Reds
CLE,Cleveland Indians
DET,Detroit Tigers
HOU,Houston Astros
KCR,Kansas City Royals
LAD,Los Angeles Dodgers
MIN,Minnesota Twins
MIL,Milwaukee Brewers
WSN,Montreal Expos
NYY,New York Yankees
NYM,New York Mets
OAK,Oakland Athletics
PHI,Philadelphia Phillies
PIT,Pittsburgh Pirates
SDP,San Diego Padres
SEA,Seattle Mariners
SFG,San Francisco Giants
STL,St. Louis Cardinals
TEX,Texas Rangers
TOR,Toronto Blue Jays
ATL,Atlanta Braves
BAL,Baltimore Orioles
BOS,Boston Red Sox
ANA,California Angels
CHW,Chicago White Sox
CHC,Chicago Cubs
CIN,Cincinnati Reds
CLE,Cleveland Indians
DET,Detroit Tigers
HOU,Houston Astros
KCR,Kansas City Royals
LAD,Los Angeles Dodgers
MIN,Minnesota Twins
MIL,Milwaukee Brewers
WSN,Montreal Expos
NYY,New York Yankees
NYM,New York Mets
OAK,Oakland Athletics
PHI,Philadelphia Phillies
PIT,Pittsburgh Pirates
SDP,San Diego Padres
SEA,Seattle Mariners
SFG,San Francisco Giants
STL,St. Louis Cardinals
TEX,Texas Rangers
TOR,Toronto Blue Jays
ATL,Atlanta Braves
BAL,Baltimore Orioles
BOS,Boston Red Sox
ANA,California Angels
CHW,Chicago White Sox
CHC,Chicago Cubs
CIN,Cincinnati Reds
CLE,Cleveland Indians
DET,Detroit Tigers
HOU,Houston Astros
KCR,Kansas City Royals
LAD,Los Angeles Dodgers
MIN,Minnesota Twins
MIL,Milwaukee Brewers
WSN,Montreal Expos
NYY,New York Yankees
NYM,New York Mets
OAK,Oakland Athletics
PHI,Philadelphia Phillies
PIT,Pittsburgh Pirates
SDP,San Diego Padres
SEA,Seattle Mariners
SFG,San Francisco Giants
STL,St. Louis Cardinals
TEX,Texas Rangers
TOR,Toronto Blue Jays
ATL,Atlanta Braves
BAL,Baltimore Orioles
BOS,Boston Red Sox
ANA,California Angels
CHW,Chicago White Sox
CHC,Chicago Cubs
CIN,Cincinnati Reds
CLE,Cleveland Indians
DET,Detroit Tigers
HOU,Houston Astros
KCR,Kansas City Royals
LAD,Los Angeles Dodgers
MIN,Minnesota Twins
MIL,Milwaukee Brewers
WSN,Montreal Expos
NYY,New York Yankees
NYM,New York Mets
OAK,Oakland Athletics
PHI,Philadelphia Phillies
PIT,Pittsburgh Pirates
SDP,San Diego Padres
SEA,Seattle Mariners
SFG,San Francisco Giants
STL,St. Louis Cardinals
TEX,Texas Rangers
TOR,Toronto Blue Jays
ATL,Atlanta Braves
BAL,Baltimore Orioles
BOS,Boston Red Sox
ANA,California Angels
CHW,Chicago White Sox
CHC,Chicago Cubs
CIN,Cincinnati Reds
CLE,Cleveland Indians
COL,Colorado Rockies
DET,Detroit Tigers
FLA,Florida Marlins
HOU,Houston Astros
KCR,Kansas City Royals
LAD,Los Angeles Dodgers
MIN,Minnesota Twins
MIL,Milwaukee Brewers
WSN,Montreal Expos
NYY,New York Yankees
NYM,New York Mets
OAK,Oakland Athletics
PHI,Philadelphia Phillies
PIT,Pittsburgh Pirates
SDP,San Diego Padres
SEA,Seattle Mariners
SFG,San Francisco Giants
STL,St. Louis Cardinals
TEX,Texas Rangers
TOR,Toronto Blue Jays
ATL,Atlanta Braves
BAL,Baltimore Orioles
BOS,Boston Red Sox
ANA,California Angels
CHW,Chicago White Sox
CHC,Chicago Cubs
CIN,Cincinnati Reds
CLE,Cleveland Indians
COL,Colorado Rockies
DET,Detroit Tigers
FLA,Florida Marlins
HOU,Houston Astros
KCR,Kansas City Royals
LAD,Los Angeles Dodgers
MIN,Minnesota Twins
MIL,Milwaukee Brewers
WSN,Montreal Expos
NYY,New York Yankees
NYM,New York Mets
OAK,Oakland Athletics
PHI,Philadelphia Phillies
PIT,Pittsburgh Pirates
SDP,San Diego Padres
SEA,Seattle Mariners
SFG,San Francisco Giants
STL,St. Louis Cardinals
TEX,Texas Rangers
TOR,Toronto Blue Jays
ATL,Atlanta Braves
BAL,Baltimore Orioles
BOS,Boston Red Sox
ANA,California Angels
CHW,Chicago White Sox
CHC,Chicago Cubs
CIN,Cincinnati Reds
CLE,Cleveland Indians
COL,Colorado Rockies
DET,Detroit Tigers
FLA,Florida Marlins
HOU,Houston Astros
KCR,Kansas City Royals
LAD,Los Angeles Dodgers
MIN,Minnesota Twins
MIL,Milwaukee Brewers
WSN,Montreal Expos
NYY,New York Yankees
NYM,New York Mets
OAK,Oakland Athletics
PHI,Philadelphia Phillies
PIT,Pittsburgh Pirates
SDP,San Diego Padres
SEA,Seattle Mariners
SFG,San Francisco Giants
STL,St. Louis Cardinals
TEX,Texas Rangers
TOR,Toronto Blue Jays
ATL,Atlanta Braves
BAL,Baltimore Orioles
BOS,Boston Red Sox
ANA,California Angels
CHW,Chicago White Sox
CHC,Chicago Cubs
CIN,Cincinnati Reds
CLE,Cleveland Indians
COL,Colorado Rockies
DET,Detroit Tigers
FLA,Florida Marlins
HOU,Houston Astros
KCR,Kansas City Royals
LAD,Los Angeles Dodgers
MIN,Minnesota Twins
MIL,Milwaukee Brewers
WSN,Montreal Expos
NYY,New York Yankees
NYM,New York Mets
OAK,Oakland Athletics
PHI,Philadelphia Phillies
PIT,Pittsburgh Pirates
SDP,San Diego Padres
SEA,Seattle Mariners
SFG,San Francisco Giants
STL,St. Louis Cardinals
TEX,Texas Rangers
TOR,Toronto Blue Jays
ANA,Anaheim Angels
ATL,Atlanta Braves
BAL,Baltimore Orioles
BOS,Boston Red Sox
CHW,Chicago White Sox
CHC,Chicago Cubs
CIN,Cincinnati Reds
CLE,Cleveland Indians
COL,Colorado Rockies
DET,Detroit Tigers
FLA,Florida Marlins
HOU,Houston Astros
KCR,Kansas City Royals
LAD,Los Angeles Dodgers
MIN,Minnesota Twins
MIL,Milwaukee Brewers
WSN,Montreal Expos
NYY,New York Yankees
NYM,New York Mets
OAK,Oakland Athletics
PHI,Philadelphia Phillies
PIT,Pittsburgh Pirates
SDP,San Diego Padres
SEA,Seattle Mariners
SFG,San Francisco Giants
STL,St. Louis Cardinals
TEX,Texas Rangers
TOR,Toronto Blue Jays
ANA,Anaheim Angels
ARI,Arizona Diamondbacks
ATL,Atlanta Braves
BAL,Baltimore Orioles
BOS,Boston Red Sox
CHW,Chicago White Sox
CHC,Chicago Cubs
CIN,Cincinnati Reds
CLE,Cleveland Indians
COL,Colorado Rockies
DET,Detroit Tigers
FLA,Florida Marlins
HOU,Houston Astros
KCR,Kansas City Royals
LAD,Los Angeles Dodgers
MIL,Milwaukee Brewers
MIN,Minnesota Twins
WSN,Montreal Expos
NYY,New York Yankees
NYM,New York Mets
OAK,Oakland Athletics
PHI,Philadelphia Phillies
PIT,Pittsburgh Pirates
SDP,San Diego Padres
SEA,Seattle Mariners
SFG,San Francisco Giants
STL,St. Louis Cardinals
TBD,Tampa Bay Devil Rays
TEX,Texas Rangers
TOR,Toronto Blue Jays
ANA,Anaheim Angels
ARI,Arizona Diamondbacks
ATL,Atlanta Braves
BAL,Baltimore Orioles
BOS,Boston Red Sox
CHW,Chicago White Sox
CHC,Chicago Cubs
CIN,Cincinnati Reds
CLE,Cleveland Indians
COL,Colorado Rockies
DET,Detroit Tigers
FLA,Florida Marlins
HOU,Houston Astros
KCR,Kansas City Royals
LAD,Los Angeles Dodgers
MIL,Milwaukee Brewers
MIN,Minnesota Twins
WSN,Montreal Expos
NYY,New York Yankees
NYM,New York Mets
OAK,Oakland Athletics
PHI,Philadelphia Phillies
PIT,Pittsburgh Pirates
SDP,San Diego Padres
SEA,Seattle Mariners
SFG,San Francisco Giants
STL,St. Louis Cardinals
TBD,Tampa Bay Devil Rays
TEX,Texas Rangers
TOR,Toronto Blue Jays
ANA,Anaheim Angels
ARI,Arizona Diamondbacks
ATL,Atlanta Braves
BAL,Baltimore Orioles
BOS,Boston Red Sox
CHW,Chicago White Sox
CHC,Chicago Cubs
CIN,Cincinnati Reds
CLE,Cleveland Indians
COL,Colorado Rockies
DET,Detroit Tigers
FLA,Florida Marlins
HOU,Houston Astros
KCR,Kansas City Royals
LAD,Los Angeles Dodgers
MIL,Milwaukee Brewers
MIN,Minnesota Twins
WSN,Montreal Expos
NYY,New York Yankees
NYM,New York Mets
OAK,Oakland Athletics
PHI,Philadelphia Phillies
PIT,Pittsburgh Pirates
SDP,San Diego Padres
SEA,Seattle Mariners
SFG,San Francisco Giants
STL,St. Louis Cardinals
TBD,Tampa Bay Devil Rays
TEX,Texas Rangers
TOR,Toronto Blue Jays
ANA,Anaheim Angels
ARI,Arizona Diamondbacks
ATL,Atlanta Braves
BAL,Baltimore Orioles
BOS,Boston Red Sox
CHW,Chicago White Sox
CHC,Chicago Cubs
CIN,Cincinnati Reds
CLE,Cleveland Indians
COL,Colorado Rockies
DET,Detroit Tigers
FLA,Florida Marlins
HOU,Houston Astros
KCR,Kansas City Royals
LAD,Los Angeles Dodgers
MIL,Milwaukee Brewers
MIN,Minnesota Twins
WSN,Montreal Expos
NYY,New York Yankees
NYM,New York Mets
OAK,Oakland Athletics
PHI,Philadelphia Phillies
PIT,Pittsburgh Pirates
SDP,San Diego Padres
SEA,Seattle Mariners
SFG,San Francisco Giants
STL,St. Louis Cardinals
TBD,Tampa Bay Devil Rays
TEX,Texas Rangers
TOR,Toronto Blue Jays
ANA,Anaheim Angels
ARI,Arizona Diamondbacks
ATL,Atlanta Braves
BAL,Baltimore Orioles
BOS,Boston Red Sox
CHW,Chicago White Sox
CHC,Chicago Cubs
CIN,Cincinnati Reds
CLE,Cleveland Indians
COL,Colorado Rockies
DET,Detroit Tigers
FLA,Florida Marlins
HOU,Houston Astros
KCR,Kansas City Royals
LAD,Los Angeles Dodgers
MIL,Milwaukee Brewers
MIN,Minnesota Twins
WSN,Montreal Expos
NYY,New York Yankees
NYM,New York Mets
OAK,Oakland Athletics
PHI,Philadelphia Phillies
PIT,Pittsburgh Pirates
SDP,San Diego Padres
SEA,Seattle Mariners
SFG,San Francisco Giants
STL,St. Louis Cardinals
TBD,Tampa Bay Devil Rays
TEX,Texas Rangers
TOR,Toronto Blue Jays
ANA,Anaheim Angels
ARI,Arizona Diamondbacks
ATL,Atlanta Braves
BAL,Baltimore Orioles
BOS,Boston Red Sox
CHW,Chicago White Sox
CHC,Chicago Cubs
CIN,Cincinnati Reds
CLE,Cleveland Indians
COL,Colorado Rockies
DET,Detroit Tigers
FLA,Florida Marlins
HOU,Houston Astros
KCR,Kansas City Royals
LAD,Los Angeles Dodgers
MIL,Milwaukee Brewers
MIN,Minnesota Twins
WSN,Montreal Expos
NYY,New York Yankees
NYM,New York Mets
OAK,Oakland Athletics
PHI,Philadelphia Phillies
PIT,Pittsburgh Pirates
SDP,San Diego Padres
SEA,Seattle Mariners
SFG,San Francisco Giants
STL,St. Louis Cardinals
TBD,Tampa Bay Devil Rays
TEX,Texas Rangers
TOR,Toronto Blue Jays
ANA,Anaheim Angels
ARI,Arizona Diamondbacks
ATL,Atlanta Braves
BAL,Baltimore Orioles
BOS,Boston Red Sox
CHW,Chicago White Sox
CHC,Chicago Cubs
CIN,Cincinnati Reds
CLE,Cleveland Indians
COL,Colorado Rockies
DET,Detroit Tigers
FLA,Florida Marlins
HOU,Houston Astros
KCR,Kansas City Royals
LAD,Los Angeles Dodgers
MIL,Milwaukee Brewers
MIN,Minnesota Twins
WSN,Montreal Expos
NYY,New York Yankees
NYM,New York Mets
OAK,Oakland Athletics
PHI,Philadelphia Phillies
PIT,Pittsburgh Pirates
SDP,San Diego Padres
SEA,Seattle Mariners
SFG,San Francisco Giants
STL,St. Louis Cardinals
TBD,Tampa Bay Devil Rays
TEX,Texas Rangers
TOR,Toronto Blue Jays
ARI,Arizona Diamondbacks
ATL,Atlanta Braves
BAL,Baltimore Orioles
BOS,Boston Red Sox
CHW,Chicago White Sox
CHC,Chicago Cubs
CIN,Cincinnati Reds
CLE,Cleveland Indians
COL,Colorado Rockies
DET,Detroit Tigers
FLA,Florida Marlins
HOU,Houston Astros
KCR,Kansas City Royals
ANA,Los Angeles Angels of Anaheim
LAD,Los Angeles Dodgers
MIL,Milwaukee Brewers
MIN,Minnesota Twins
NYY,New York Yankees
NYM,New York Mets
OAK,Oakland Athletics
PHI,Philadelphia Phillies
PIT,Pittsburgh Pirates
SDP,San Diego Padres
SEA,Seattle Mariners
SFG,San Francisco Giants
STL,St. Louis Cardinals
TBD,Tampa Bay Devil Rays
TEX,Texas Rangers
TOR,Toronto Blue Jays
WSN,Washington Nationals
ARI,Arizona Diamondbacks
ATL,Atlanta Braves
BAL,Baltimore Orioles
BOS,Boston Red Sox
CHW,Chicago White Sox
CHC,Chicago Cubs
CIN,Cincinnati Reds
CLE,Cleveland Indians
COL,Colorado Rockies
DET,Detroit Tigers
FLA,Florida Marlins
HOU,Houston Astros
KCR,Kansas City Royals
ANA,Los Angeles Angels of Anaheim
LAD,Los Angeles Dodgers
MIL,Milwaukee Brewers
MIN,Minnesota Twins
NYY,New York Yankees
NYM,New York Mets
OAK,Oakland Athletics
PHI,Philadelphia Phillies
PIT,Pittsburgh Pirates
SDP,San Diego Padres
SEA,Seattle Mariners
SFG,San Francisco Giants
STL,St. Louis Cardinals
TBD,Tampa Bay Devil Rays
TEX,Texas Rangers
TOR,Toronto Blue Jays
WSN,Washington Nationals
ARI,Arizona Diamondbacks
ATL,Atlanta Braves
BAL,Baltimore Orioles
BOS,Boston Red Sox
CHW,Chicago White Sox
CHC,Chicago Cubs
CIN,Cincinnati Reds
CLE,Cleveland Indians
COL,Colorado Rockies
DET,Detroit Tigers
FLA,Florida Marlins
HOU,Houston Astros
KCR,Kansas City Royals
ANA,Los Angeles Angels of Anaheim
LAD,Los Angeles Dodgers
MIL,Milwaukee Brewers
MIN,Minnesota Twins
NYY,New York Yankees
NYM,New York Mets
OAK,Oakland Athletics
PHI,Philadelphia Phillies
PIT,Pittsburgh Pirates
SDP,San Diego Padres
SEA,Seattle Mariners
SFG,San Francisco Giants
STL,St. Louis Cardinals
TBD,Tampa Bay Devil Rays
TEX,Texas Rangers
TOR,Toronto Blue Jays
WSN,Washington Nationals
ARI,Arizona Diamondbacks
ATL,Atlanta Braves
BAL,Baltimore Orioles
BOS,Boston Red Sox
CHW,Chicago White Sox
CHC,Chicago Cubs
CIN,Cincinnati Reds
CLE,Cleveland Indians
COL,Colorado Rockies
DET,Detroit Tigers
FLA,Florida Marlins
HOU,Houston Astros
KCR,Kansas City Royals
ANA,Los Angeles Angels of Anaheim
LAD,Los Angeles Dodgers
MIL,Milwaukee Brewers
MIN,Minnesota Twins
NYY,New York Yankees
NYM,New York Mets
OAK,Oakland Athletics
PHI,Philadelphia Phillies
PIT,Pittsburgh Pirates
SDP,San Diego Padres
SEA,Seattle Mariners
SFG,San Francisco Giants
STL,St. Louis Cardinals
TBD,Tampa Bay Rays
TEX,Texas Rangers
TOR,Toronto Blue Jays
WSN,Washington Nationals
ARI,Arizona Diamondbacks
ATL,Atlanta Braves
BAL,Baltimore Orioles
BOS,Boston Red Sox
CHW,Chicago White Sox
CHC,Chicago Cubs
CIN,Cincinnati Reds
CLE,Cleveland Indians
COL,Colorado Rockies
DET,Detroit Tigers
FLA,Florida Marlins
HOU,Houston Astros
KCR,Kansas City Royals
ANA,Los Angeles Angels of Anaheim
LAD,Los Angeles Dodgers
MIL,Milwaukee Brewers
MIN,Minnesota Twins
NYY,New York Yankees
NYM,New York Mets
OAK,Oakland Athletics
PHI,Philadelphia Phillies
PIT,Pittsburgh Pirates
SDP,San Diego Padres
SEA,Seattle Mariners
SFG,San Francisco Giants
STL,St. Louis Cardinals
TBD,Tampa Bay Rays
TEX,Texas Rangers
TOR,Toronto Blue Jays
WSN,Washington Nationals
ARI,Arizona Diamondbacks
ATL,Atlanta Braves
BAL,Baltimore Orioles
BOS,Boston Red Sox
CHW,Chicago White Sox
CHC,Chicago Cubs
CIN,Cincinnati Reds
CLE,Cleveland Indians
COL,Colorado Rockies
DET,Detroit Tigers
FLA,Florida Marlins
HOU,Houston Astros
KCR,Kansas City Royals
ANA,Los Angeles Angels of Anaheim
LAD,Los Angeles Dodgers
MIL,Milwaukee Brewers
MIN,Minnesota Twins
NYY,New York Yankees
NYM,New York Mets
OAK,Oakland Athletics
PHI,Philadelphia Phillies
PIT,Pittsburgh Pirates
SDP,San Diego Padres
SEA,Seattle Mariners
SFG,San Francisco Giants
STL,St. Louis Cardinals
TBD,Tampa Bay Rays
TEX,Texas Rangers
TOR,Toronto Blue Jays
WSN,Washington Nationals
ARI,Arizona Diamondbacks
ATL,Atlanta Braves
BAL,Baltimore Orioles
BOS,Boston Red Sox
CHW,Chicago White Sox
CHC,Chicago Cubs
CIN,Cincinnati Reds
CLE,Cleveland Indians
COL,Colorado Rockies
DET,Detroit Tigers
FLA,Florida Marlins
HOU,Houston Astros
KCR,Kansas City Royals
ANA,Los Angeles Angels of Anaheim
LAD,Los Angeles Dodgers
MIL,Milwaukee Brewers
MIN,Minnesota Twins
NYY,New York Yankees
NYM,New York Mets
OAK,Oakland Athletics
PHI,Philadelphia Phillies
PIT,Pittsburgh Pirates
SDP,San Diego Padres
SEA,Seattle Mariners
SFG,San Francisco Giants
STL,St. Louis Cardinals
TBD,Tampa Bay Rays
TEX,Texas Rangers
TOR,Toronto Blue Jays
WSN,Washington Nationals
ARI,Arizona Diamondbacks
ATL,Atlanta Braves
BAL,Baltimore Orioles
BOS,Boston Red Sox
CHW,Chicago White Sox
CHC,Chicago Cubs
CIN,Cincinnati Reds
CLE,Cleveland Indians
COL,Colorado Rockies
DET,Detroit Tigers
HOU,Houston Astros
KCR,Kansas City Royals
ANA,Los Angeles Angels of Anaheim
LAD,Los Angeles Dodgers
FLA,Miami Marlins
MIL,Milwaukee Brewers
MIN,Minnesota Twins
NYY,New York Yankees
NYM,New York Mets
OAK,Oakland Athletics
PHI,Philadelphia Phillies
PIT,Pittsburgh Pirates
SDP,San Diego Padres
SEA,Seattle Mariners
SFG,San Francisco Giants
STL,St. Louis Cardinals
TBD,Tampa Bay Rays
TEX,Texas Rangers
TOR,Toronto Blue Jays
WSN,Washington Nationals
ARI,Arizona Diamondbacks
ATL,Atlanta Braves
BAL,Baltimore Orioles
BOS,Boston Red Sox
CHW,Chicago White Sox
CHC,Chicago Cubs
CIN,Cincinnati Reds
CLE,Cleveland Indians
COL,Colorado Rockies
DET,Detroit Tigers
HOU,Houston Astros
KCR,Kansas City Royals
ANA,Los Angeles Angels of Anaheim
LAD,Los Angeles Dodgers
FLA,Miami Marlins
MIL,Milwaukee Brewers
MIN,Minnesota Twins
NYY,New York Yankees
NYM,New York Mets
OAK,Oakland Athletics
PHI,Philadelphia Phillies
PIT,Pittsburgh Pirates
SDP,San Diego Padres
SEA,Seattle Mariners
SFG,San Francisco Giants
STL,St. Louis Cardinals
TBD,Tampa Bay Rays
TEX,Texas Rangers
TOR,Toronto Blue Jays
WSN,Washington Nationals
ARI,Arizona Diamondbacks
ATL,Atlanta Braves
BAL,Baltimore Orioles
BOS,Boston Red Sox
CHW,Chicago White Sox
CHC,Chicago Cubs
CIN,Cincinnati Reds
CLE,Cleveland Indians
COL,Colorado Rockies
DET,Detroit Tigers
HOU,Houston Astros
KCR,Kansas City Royals
ANA,Los Angeles Angels of Anaheim
LAD,Los Angeles Dodgers
FLA,Miami Marlins
MIL,Milwaukee Brewers
MIN,Minnesota Twins
NYY,New York Yankees
NYM,New York Mets
OAK,Oakland Athletics
PHI,Philadelphia Phillies
PIT,Pittsburgh Pirates
SDP,San Diego Padres
SEA,Seattle Mariners
SFG,San Francisco Giants
STL,St. Louis Cardinals
TBD,Tampa Bay Rays
TEX,Texas Rangers
TOR,Toronto Blue Jays
WSN,Washington Nationals
ARI,Arizona Diamondbacks
ATL,Atlanta Braves
BAL,Baltimore Orioles
BOS,Boston Red Sox
CHW,Chicago White Sox
CHC,Chicago Cubs
CIN,Cincinnati Reds
CLE,Cleveland Indians
COL,Colorado Rockies
DET,Detroit Tigers
HOU,Houston Astros
KCR,Kansas City Royals
ANA,Los Angeles Angels of Anaheim
LAD,Los Angeles Dodgers
FLA,Miami Marlins
MIL,Milwaukee Brewers
MIN,Minnesota Twins
NYY,New York Yankees
NYM,New York Mets
OAK,Oakland Athletics
PHI,Philadelphia Phillies
PIT,Pittsburgh Pirates
SDP,San Diego Padres
SEA,Seattle Mariners
SFG,San Francisco Giants
STL,St. Louis Cardinals
TBD,Tampa Bay Rays
TEX,Texas Rangers
TOR,Toronto Blue Jays
WSN,Washington Nationals
ARI,Arizona Diamondbacks
ATL,Atlanta Braves
BAL,Baltimore Orioles
BOS,Boston Red Sox
CHW,Chicago White Sox
CHC,Chicago Cubs
CIN,Cincinnati Reds
CLE,Cleveland Indians
COL,Colorado Rockies
DET,Detroit Tigers
HOU,Houston Astros
KCR,Kansas City Royals
ANA,Los Angeles Angels of Anaheim
LAD,Los Angeles Dodgers
FLA,Miami Marlins
MIL,Milwaukee Brewers
MIN,Minnesota Twins
NYY,New York Yankees
NYM,New York Mets
OAK,Oakland Athletics
PHI,Philadelphia Phillies
PIT,Pittsburgh Pirates
SDP,San Diego Padres
SEA,Seattle Mariners
SFG,San Francisco Giants
STL,St. Louis Cardinals
TBD,Tampa Bay Rays
TEX,Texas Rangers
TOR,Toronto Blue Jays
WSN,Washington Nationals
